Name,Name_C,Type,District,State,Established,Majority_Ethnic,Majority_Dialect,X,Y,Notes
Ayer Hitam,亚依淡,Kampung Baru Tradisional,Batu Pahat,Johor,1952,Chinese,,103.18301,1.91374,
Kangkar Bahru,新港,Kampung Baru Tradisional,Batu Pahat,Johor,1950,Chinese,Foochow,103.12355,2.06371,
Lam Lee,南利,Kampung Baru Tradisional,Batu Pahat,Johor,1950,Chinese,Foochow,103.04598,2.09413,
Parit Raja,巴力拉惹,Kampung Baru Tradisional,Batu Pahat,Johor,1950,Chinese,,103.1179,1.86813,
Parit Sulong,巴力士隆,Kampung Baru Tradisional,Batu Pahat,Johor,1952,Chinese,,102.88282,1.97587,
Parit Yaani,巴力安尼,Kampung Baru Tradisional,Batu Pahat,Johor,1950,Chinese,,103.0239,1.95165,
Rengit,龙引,Kampung Baru Tradisional,Batu Pahat,Johor,1950,Chinese,Hokkien,103.14525,1.6801,
Semerah,圣模那,Kampung Baru Tradisional,Batu Pahat,Johor,1950,Chinese,,102.7825,1.88331,
Senggarang,新加兰,Kampung Baru Tradisional,Batu Pahat,Johor,1950,Chinese,Hokkien,103.0523,1.74912,
Sri Gading,四加亭,Kampung Baru Tradisional,Batu Pahat,Johor,1950,Chinese,,103.03044,1.85416,
Sri Medan,铁山,Kampung Baru Tradisional,Batu Pahat,Johor,1950,Chinese,Hokkien,102.95638,1.98371,
Tongkang Pechah,中江,Kampung Baru Tradisional,Batu Pahat,Johor,1954,Chinese,Hokkien,102.95545,1.91891,
Yong Peng,永平,Kampung Baru Tradisional,Batu Pahat,Johor,1950,Chinese,Foochow,103.06362,2.01457,
Kangkar Senangar,港脚（张厝港）,Kampung Baru Rangkaian,Batu Pahat,Johor,,Chinese,,102.883,2.02659,
Minyak Beku,米那务固（海口）,Kampung Baru Rangkaian,Batu Pahat,Johor,,Chinese,,102.90553,1.80138,
Panchor,班卒,Kampung Baru Rangkaian,Batu Pahat,Johor,,Chinese,Teochew,103.003,1.86702,
Parit Buloh,巴力务鲁,Kampung Baru Rangkaian,Batu Pahat,Johor,,Chinese,Hokkien,102.98936,1.88998,
Sin Lik,新立村,Kampung Baru Rangkaian,Batu Pahat,Johor,,Chinese,Kwongsai,103.14353,2.07092,
Bagan / Parit Besar,峇眼大巴力,Kampung Bagan,Batu Pahat,Johor,,Chinese,Hokkien,102.8502,1.84296,
Segenting,石文丁,Kampung Bagan,Batu Pahat,Johor,,Chinese,Hokkien,102.89324,1.7845,
Ban Foo,万孚,Kampung Baru Tradisional,Johor Bahru,Johor,1950,Chinese,Hakka,103.8538,1.56709,
Gelang Patah,振林山,Kampung Baru Tradisional,Johor Bahru,Johor,1950,Chinese,,103.58948,1.45079,
Kangkar Pulai,江加埔来,Kampung Baru Tradisional,Johor Bahru,Johor,1950,Chinese,Hakka,103.59386,1.55715,
Kangkar Tebrau,陈厝港,Kampung Baru Tradisional,Johor Bahru,Johor,1951,Chinese,,103.75846,1.53586,
Lima Kedai,五间店,Kampung Baru Tradisional,Johor Bahru,Johor,1950,Chinese,,103.61698,1.50231,
Masai,马西（李厝港）,Kampung Baru Tradisional,Johor Bahru,Johor,1952,Chinese,"Teochew, Hakka",103.88329,1.49109,
Pandan,班兰,Kampung Baru Tradisional,Johor Bahru,Johor,1950,Chinese,Hakka,103.7667,1.52732,
Plentong,避兰东（郑厝港）,Kampung Baru Tradisional,Johor Bahru,Johor,1950,Chinese,Hakka,103.82266,1.52423,
Skudai,士姑来,Kampung Baru Tradisional,Johor Bahru,Johor,1950,Chinese,,103.65987,1.53757,
Ulu Choh,乌鲁槽,Kampung Baru Tradisional,Johor Bahru,Johor,1950,Chinese,,103.54556,1.53309,
Ulu Tiram,乌鲁地南,Kampung Baru Tradisional,Johor Bahru,Johor,1951,Chinese,,103.81768,1.59958,
Kempas Baru,甘拔士峇鲁,Kampung Baru Rangkaian,Johor Bahru,Johor,,Chinese,,103.70505,1.52877,
Ungku Mohsin,翁姑慕申,Kampung Baru Rangkaian,Johor Bahru,Johor,,Chinese,,103.73904,1.51341,
Tampoi,淡杯,Kampung Baru Rangkaian,Johor Bahru,Johor,,Chinese,,103.70283,1.49986,
Chamek,占美,Kampung Baru Tradisional,Kluang,Johor,1949,Chinese,Hokkien,103.23871,2.13994,
Kahang,加亨,Kampung Baru Tradisional,Kluang,Johor,1952,Chinese,Hokkien,103.54156,2.21365,
Kampung Gajah,佳雅,Kampung Baru Tradisional,Kluang,Johor,1952,Chinese,,103.39361,2.10389,
Kampung Paya,甘光巴野,Kampung Baru Tradisional,Kluang,Johor,1950,Chinese,"Hokkien, Hakka",103.33556,2.04222,
Layang-Layang,拉央拉央,Kampung Baru Tradisional,Kluang,Johor,1952,Chinese,,103.47757,1.81562,
Machap,吗什,Kampung Baru Tradisional,Kluang,Johor,1952,Chinese,,103.26278,1.88278,
Niyor,梁站,Kampung Baru Tradisional,Kluang,Johor,1954,Chinese,,103.27917,2.09472,
Paloh,巴罗,Kampung Baru Tradisional,Kluang,Johor,1952,Chinese,Hokkien,103.19654,2.19175,
Renggam,令金,Kampung Baru Tradisional,Kluang,Johor,1951,Chinese,,103.39919,1.88964,
Simpang Renggam,新邦令金,Kampung Baru Tradisional,Kluang,Johor,1952,Chinese,,103.30889,1.825,
Seri Lalang,实里拉龙,Kampung Baru Tradisional,Kluang,Johor,1952,Chinese,"Hakka, Cantonese",103.25306,1.99389,
Sungai Sayong,双溪沙翁,Kampung Baru Tradisional,Kluang,Johor,1950,Chinese,,103.37333,1.9225,
"Batu 24, Kahang",加亨廿四碑村,Kampung Baru Rangkaian,Kluang,Johor,,Chinese,Foochow,103.55461,2.23064,
Central Paloh,圣德巴罗村,Kampung Baru Rangkaian,Kluang,Johor,,Chinese,,103.21917,2.17528,
Dato' Abdul Rahman Yassin,九皇爷村,Kampung Baru Rangkaian,Kluang,Johor,,Chinese,Hakka,103.33769,2.01772,
Gunung Lambak,君隆南峇（霸王村）,Kampung Baru Rangkaian,Kluang,Johor,,Chinese,,103.32945,2.02338,
Senda,星打村,Kampung Baru Rangkaian,Kluang,Johor,,Chinese,,103.40239,1.89021,
Yap Tau Sah,叶陶沙村,Kampung Baru Rangkaian,Kluang,Johor,,Chinese,Hakka,103.32778,2.01694,
Pasir Gogok,巴西高谷,Kampung Baru Tradisional,Kota Tinggi,Johor,1952,Chinese,Hakka,104.10078,1.41925,
Sungai Rengit,四湾岛,Kampung Baru Tradisional,Kota Tinggi,Johor,1952,Chinese,Hokkien,104.22213,1.35033,
Teluk Sengat,南亚港,Kampung Baru Tradisional,Kota Tinggi,Johor,1952,Chinese,"Teochew, Hainanese",104.0318,1.5621,
Batu 2 Jalan Lombong,龙望路二条石村,Kampung Baru Rangkaian,Kota Tinggi,Johor,,Chinese,,103.89106,1.75165,
Lukut Cina,卢骨支那,Kampung Baru Rangkaian,Kota Tinggi,Johor,,Chinese,,103.91051,1.74447,
Kota Kecil,小哥打,Kampung Baru Rangkaian,Kota Tinggi,Johor,,Chinese,,103.90469,1.74087,gazetted 2022
Tai Hong,泰丰港,Kampung Baru Rangkaian,Kota Tinggi,Johor,,Chinese,,103.85748,1.7385,gazetted 2022
Air Bemban,亚逸文满（廿九碑）,Kampung Baru Tradisional,Kulai,Johor,1950,Chinese,Hakka,103.48466,1.69883,
Bukit Batu,武吉峇都,Kampung Baru Tradisional,Kulai,Johor,1950,Chinese,,103.44379,1.73408,
Kelapa Sawit,加拉巴沙威（廿六碑）,Kampung Baru Tradisional,Kulai,Johor,1950,Chinese,Hakka,103.53051,1.67143,
Kulai,古来,Kampung Baru Tradisional,Kulai,Johor,1950,Chinese,Hakka,103.6006,1.6585,
Saleng,沙令（十七碑）,Kampung Baru Tradisional,Kulai,Johor,1950,Chinese,Hakka,103.63385,1.62975,
Sedenak,士年纳,Kampung Baru Tradisional,Kulai,Johor,1951,Chinese,,103.52666,1.71063,
Seelong,泗隆,Kampung Baru Tradisional,Kulai,Johor,1951,Chinese,Hakka,103.69536,1.6301,
Senai,士乃,Kampung Baru Tradisional,Kulai,Johor,1950,Chinese,Hakka,103.64204,1.60048,
Sengkang,新港,Kampung Baru Tradisional,Kulai,Johor,1950,Chinese,Hakka,103.57212,1.68872,
Kampung Hubung,好旺村,Kampung Baru Tradisional,Mersing,Johor,1951,Chinese,,103.64679,2.62293,
Jemaluang,三板头（任罗宏）,Kampung Baru Tradisional,Mersing,Johor,1951,Chinese,"Cantonese, Hakka",103.8569,2.2769,
Mersing Kecil,小丰盛,Kampung Baru Tradisional,Mersing,Johor,1952,Chinese,,103.83926,2.42404,
Endau,兴楼,Kampung Bagan,Mersing,Johor,,Chinese,Teochew,103.62626,2.65046,
Bukit Bakri,巴口,Kampung Baru Tradisional,Muar,Johor,1950,Chinese,,102.65703,2.04383,
Bukit Kepong,武吉哈逢,Kampung Baru Tradisional,Muar,Johor,1950,Chinese,,102.83196,2.34558,
Bukit Mor,武吉摩,Kampung Baru Tradisional,Muar,Johor,1950,Chinese,,102.66192,1.97492,
Bukit Pasir,武吉巴西,Kampung Baru Tradisional,Muar,Johor,1952,Chinese,,102.63956,2.09644,
Lenga,岭嘉（五条）,Kampung Baru Tradisional,Muar,Johor,1951,Chinese,Teochew,102.8153,2.27413,
Pagoh,巴莪,Kampung Baru Tradisional,Muar,Johor,1952,Chinese,,102.76985,2.14994,
Panchor,班卒,Kampung Baru Tradisional,Muar,Johor,1951,Chinese,Hokkien,102.71244,2.1716,
Parit Jawa,巴冬,Kampung Baru Tradisional,Muar,Johor,1950,Chinese,,102.64482,1.9585,
Bakri Barat,巴口西区,Kampung Baru Rangkaian,Muar,Johor,,Chinese,,102.66691,2.04566,
Jalan Daud,六马路,Kampung Baru Rangkaian,Muar,Johor,,Chinese,,102.57339,2.0422,
Parit Bakar,巴力峇九,Kampung Baru Rangkaian,Muar,Johor,,Chinese,,102.60542,2.00278,
Sabak Awor,沙巴莪,Kampung Baru Rangkaian,Muar,Johor,,Chinese,,102.56566,2.0803,
Simpang Jeram,二南,Kampung Baru Rangkaian,Muar,Johor,,Chinese,,102.61384,2.04974,
Pekan Nanas,北干那那,Kampung Baru Tradisional,Pontian,Johor,1952,Chinese,,103.5113,1.5088,
Permas Kukup,龟咯山顶,Kampung Baru Rangkaian,Pontian,Johor,,Chinese,,103.45824,1.33659,
Ayer Baloi,亚逸峇礼,Kampung Bagan,Pontian,Johor,,Chinese,,103.33596,1.58961,
Ayer Masin,咸水港,Kampung Bagan,Pontian,Johor,,Chinese,"Hokkien, Teochew",103.4429,1.33209,
Benut,文律,Kampung Bagan,Pontian,Johor,,Chinese,,103.2587,1.6438,
Kukup Laut,龟咯港脚,Kampung Bagan,Pontian,Johor,,Chinese,Hokkien,103.44259,1.3242,
Batu Anam,峇都安南,Kampung Baru Tradisional,Segamat,Johor,1950,Chinese,,102.70912,2.57268,
Bekok,彼咯,Kampung Baru Tradisional,Segamat,Johor,1951,Chinese,Hokkien,103.13199,2.29685,
Bukit Siput,武吉仕砵（红牌）,Kampung Baru Tradisional,Segamat,Johor,1950,Chinese,Hakka,102.84775,2.48538,
Buloh Kasap,巫罗加什,Kampung Baru Tradisional,Segamat,Johor,1951,Chinese,Hokkien,102.76514,2.54978,
Chaah,三合港,Kampung Baru Tradisional,Segamat,Johor,1951,Chinese,Hakka,103.04413,2.24857,
Gemas Bahru,金马士峇鲁（大港）,Kampung Baru Tradisional,Segamat,Johor,1951,Chinese,,102.6265,2.58461,
Jementah,利民达,Kampung Baru Tradisional,Segamat,Johor,1952,Chinese,,102.68753,2.43985,
Kampung Abdullah,亚罗拉,Kampung Baru Tradisional,Segamat,Johor,1951,Chinese,,102.82714,2.50367,
Kampung Tengah,甘榜登雅,Kampung Baru Tradisional,Segamat,Johor,1950,Chinese,Hokkien,102.82714,2.52996,
Labis,拉美士,Kampung Baru Tradisional,Segamat,Johor,1952,Chinese,,103.02188,2.38976,
Pekan Air Panas,阿逸班那（热水湖）,Kampung Baru Tradisional,Segamat,Johor,1952,Chinese,,103.05276,2.4709,
Pekan Jabi,北根也美,Kampung Baru Tradisional,Segamat,Johor,1950,Chinese,Hokkien,102.8089,2.53378,
Sungai Karas,双溪加叻,Kampung Baru Tradisional,Segamat,Johor,1952,Chinese,,103.03839,2.35543,
Kampung Kwongsai,广西村,Kampung Baru Rangkaian,Segamat,Johor,,Chinese,Kwongsai,102.92277,2.4783,
Kampung Sawah Padi Tenang,丁能田芭村,Kampung Baru Rangkaian,Segamat,Johor,,Chinese,,102.95515,2.47381,
Kampung Tambang Batu 7,东猛新村,Kampung Baru Rangkaian,Segamat,Johor,,Chinese,Hokkien,102.74256,2.63757,
Bekoh,木阁,Kampung Baru Tradisional,Tangkak,Johor,1950,Chinese,Hokkien,102.51995,2.34979,
Bukit Gambir,武吉甘蜜,Kampung Baru Tradisional,Tangkak,Johor,1951,Chinese,Hokkien,102.65673,2.21051,
Bukit Kangkar,武吉港脚,Kampung Baru Tradisional,Tangkak,Johor,1952,Chinese,Hokkien,102.55582,2.1722,
Grisek,玉射,Kampung Baru Tradisional,Tangkak,Johor,1951,Chinese,,102.7053,2.20967,
Kebun Baru,居本峇鲁,Kampung Baru Tradisional,Tangkak,Johor,1951,Chinese,Hokkien,102.6846,2.39255,
Kundang Ulu,坤兰乌汝,Kampung Baru Tradisional,Tangkak,Johor,1951,Chinese,Hokkien,102.7695,2.23541,
Sagil,砂益,Kampung Baru Tradisional,Tangkak,Johor,1950,Chinese,Cantonese,102.61182,2.30793,
Serom,实廊,Kampung Baru Tradisional,Tangkak,Johor,1952,Chinese,Hokkien,102.58309,2.16199,
Sungai Mati,利丰港,Kampung Baru Tradisional,Tangkak,Johor,1952,Chinese,,102.56485,2.14854,
Tangkak,东甲,Kampung Baru Tradisional,Tangkak,Johor,1952,Chinese,,102.54288,2.26927,
Asahan Sialang Relau,亚沙汉锡兰月佬,Kampung Baru Rangkaian,Tangkak,Johor,,Chinese,Hokkien,102.544,2.3917,
Kampung Batu 10,十支村,Kampung Baru Rangkaian,Tangkak,Johor,,Chinese,,102.5546,2.191,
Belemang,文林望,Kampung Baru Rangkaian,Tangkak,Johor,,Chinese,Hokkien,102.61981,2.15276,
Parit Bunga,巴力文莪,Kampung Baru Rangkaian,Tangkak,Johor,,Chinese,"Teochew, Hokkien",102.54997,2.07636,
Pekan Rawang,呀旺,Kampung Baru Rangkaian,Tangkak,Johor,,Chinese,,102.55641,2.12338,
Sengkang Batu 19,新港十九支,Kampung Baru Rangkaian,Tangkak,Johor,,Chinese,,102.6804,2.26312,
Kampung Teratai,莲花村,Kampung Baru Rangkaian,Tangkak,Johor,,Chinese,,102.72307,2.33594,
Kejai,基锐,Kampung Baru Tradisional,Baling,Kedah,1950,Chinese,Teochew,100.72948,5.55104,
Kampung Lalang,甘光拉兰,Kampung Baru Tradisional,Baling,Kedah,1950,Chinese,Hokkien,100.89493,5.79034,
Kuala Ketil,瓜拉吉底,Kampung Baru Tradisional,Baling,Kedah,1950,Chinese,Teochew,100.65078,5.60428,
Kuala Pegang,瓜拉不干,Kampung Baru Tradisional,Baling,Kedah,1950,Chinese,,100.80964,5.63603,
Kupang,居邦,Kampung Baru Tradisional,Baling,Kedah,1950,Chinese,,100.84412,5.63689,
Tawar,打活,Kampung Baru Tradisional,Baling,Kedah,1950,Chinese,Hakka,100.77293,5.59571,
Bagan Samak,峇眼三目,Kampung Baru Tradisional,Bandar Baharu,Kedah,1952,Chinese,Teochew,100.55926,5.09082,
Selama,司南马,Kampung Baru Tradisional,Bandar Baharu,Kedah,1952,Chinese,Teochew,100.68264,5.23349,
Serdang (Ee Guan),西岭（怡源）,Kampung Baru Tradisional,Bandar Baharu,Kedah,1952,Chinese,Teochew,100.61552,5.20695,
Lubok Buntar,吕蒙文打,Kampung Baru Rangkaian,Bandar Baharu,Kedah,,Chinese,Teochew,100.59042,5.13964,
Kilang Tebu,蔗芭村,Kampung Baru Rangkaian,Kota Setar,Kedah,,Chinese,Teochew,100.34499,6.1138,
Simpang Empat,十字港,Kampung Baru Rangkaian,Kota Setar,Kedah,,Chinese,Teochew,100.38195,6.02436,
Bedong,美农,Kampung Baru Tradisional,Kuala Muda,Kedah,1952,Chinese,Teochew,100.5098,5.72977,
Bukit Selambau,武吉士南卯,Kampung Baru Tradisional,Kuala Muda,Kedah,1950,Chinese,Teochew,100.63396,5.68256,
Gurun,莪仑,Kampung Baru Tradisional,Kuala Muda,Kedah,1954,Chinese,Teochew,100.47723,5.80856,
Jeniang,仁岭,Kampung Baru Tradisional,Kuala Muda,Kedah,1950,Chinese,,100.63125,5.814,
Merbok,傌莫,Kampung Baru Tradisional,Kuala Muda,Kedah,1953,Chinese,Hokkien,100.41371,5.72179,
Padang Lembu,巴东伦武（牛场）,Kampung Baru Tradisional,Kuala Muda,Kedah,1950,Chinese,Teochew,100.53594,5.8413,
Semeling,新文英（锡米岭）,Kampung Baru Tradisional,Kuala Muda,Kedah,1952,Chinese,,100.47227,5.70129,
Sungai Lalang,双溪拉兰,Kampung Baru Tradisional,Kuala Muda,Kedah,1952,Chinese,,100.51491,5.69823,
Changlun,樟仑,Kampung Baru Tradisional,Kubang Pasu,Kedah,1952,Chinese,,100.42773,6.42759,
Junjong,三巴央,Kampung Baru Tradisional,Kulim,Kedah,1952,Chinese,Hakka,100.53394,5.30169,
Karangan,加拉岸,Kampung Baru Tradisional,Kulim,Kedah,1952,Chinese,Hakka,100.66719,5.42078,
Kelang Lama,老火较,Kampung Baru Tradisional,Kulim,Kedah,1952,Chinese,,100.56694,5.38893,
Kilang Sago,硕莪廊,Kampung Baru Tradisional,Kulim,Kedah,1952,Chinese,,100.55145,5.37107,
Lunas,鲁乃,Kampung Baru Tradisional,Kulim,Kedah,1952,Chinese,,100.5341,5.43112,
Mahang,麻坑,Kampung Baru Tradisional,Kulim,Kedah,1952,Chinese,Teochew,100.74817,5.32073,
Padang Serai,巴东色海,Kampung Baru Tradisional,Kulim,Kedah,1952,Chinese,,100.55592,5.51096,
Sungai Karangan,双溪加拉岸,Kampung Baru Tradisional,Kulim,Kedah,1952,Chinese,,100.61403,5.51697,
Sungai Kob,双溪谷,Kampung Baru Tradisional,Kulim,Kedah,1952,Chinese,,100.64356,5.4268,
Bukit 6 (Bukit Lada),六支碑村（顺安）,Kampung Baru Rangkaian,Kulim,Kedah,,Chinese,Hokkien,100.54111,5.43688,
Bukit Besar,新港,Kampung Baru Rangkaian,Kulim,Kedah,,Chinese,Teochew,100.55389,5.34611,
Naka,纳卡,Kampung Baru Tradisional,Padang Terap,Kedah,1952,Siamese,N/A,100.67315,6.13778,
Tanjong Thai (Pedu),柏鲁,Kampung Baru Tradisional,Padang Terap,Kedah,1952,Siamese,N/A,100.69478,6.23038,
Pokok Sena,波各先那,Kampung Baru Tradisional,Pokok Sena,Kedah,1951,Chinese,,100.51828,6.17173,
Kura,古拉,Kampung Baru Tradisional,Sik,Kedah,1952,Siamese,N/A,100.66742,5.94612,
Nami,南美,Kampung Baru Tradisional,Sik,Kedah,1952,Malay,N/A,100.77815,6.05028,
Balai,峇莱,Kampung Baru Rangkaian,Bachok,Kelantan,,Chinese,Hokkien,102.37103,6.10889,
Jelawat,日拉哇,Kampung Baru Rangkaian,Bachok,Kelantan,,Chinese,Hokkien,102.37541,6.01184,
Bertam,柏丹,Kampung Baru Tradisional,Gua Musang,Kelantan,1952,Malay,N/A,102.04711,5.14528,
Gua Musang,话望生,Kampung Baru Tradisional,Gua Musang,Kelantan,1952,Chinese,Hakka,101.96349,4.88337,
Batu Papan,峇都巴板,Kampung Baru Rangkaian,Gua Musang,Kelantan,,"Malay, Chinese",Hakka,101.94741,4.84209,
Dusun Pulai,布赖,Kampung Baru Rangkaian,Gua Musang,Kelantan,,Chinese,Hakka,101.94389,4.79041,
Gemang Baru,新金马,Kampung Baru Tradisional,Jeli,Kelantan,1952,Malay,N/A,101.86505,5.76194,
Seberang Jeli,日里,Kampung Baru Tradisional,Jeli,Kelantan,1952,Malay,N/A,101.83233,5.69618,
Kalai,加莱,Kampung Baru Tradisional,Jeli,Kelantan,1952,Malay,N/A,101.74614,5.75057,
Kuala Balah,瓜拉巴辣,Kampung Baru Tradisional,Jeli,Kelantan,1952,Malay,N/A,101.91077,5.44143,
Kubur Datu,古墓峇诛,Kampung Baru Tradisional,Jeli,Kelantan,1952,Malay,N/A,101.89281,5.51198,
Legeh,叻嘉,Kampung Baru Tradisional,Jeli,Kelantan,1952,Malay,N/A,101.89997,5.7502,
Lubok Bungor,鲁伯布裹,Kampung Baru Tradisional,Jeli,Kelantan,1952,Malay,N/A,101.88454,5.5636,
Chepa,仄保华人村,Kampung Baru Tradisional,Kota Bharu,Kelantan,1952,"Malay, Chinese",Hokkien,102.29492,6.09927,
Teluk Kandis,直落甘地,Kampung Baru Tradisional,Kota Bharu,Kelantan,1952,"Malay, Chinese",Hokkien,102.21156,6.04738,
Tokong,赤脚,Kampung Baru Tradisional,Kota Bharu,Kelantan,1952,Chinese,Hokkien,102.20771,5.94676,
Kampung Cina,唐人坡,Kampung Baru Rangkaian,Kota Bharu,Kelantan,,Chinese,Hokkien,102.23515,6.14187,
Pauh Lima,保利莫（暹村）,Kampung Baru Rangkaian,Kota Bharu,Kelantan,,Chinese,Hokkien,102.32734,6.01089,
Aur Duri,奥都理,Kampung Baru Rangkaian,Kota Bharu,Kelantan,,Chinese,Hokkien,102.16286,6.02381,
Sering,实令,Kampung Baru Rangkaian,Kota Bharu,Kelantan,,Chinese,Hokkien,102.32707,6.13999,
Dabong,达蓬,Kampung Baru Tradisional,Kuala Krai,Kelantan,1952,Malay,N/A,102.00877,5.37686,
Guchil,古吉,Kampung Baru Tradisional,Kuala Krai,Kelantan,1952,Malay,N/A,102.19857,5.54949,
Karangan,卡浪安,Kampung Baru Tradisional,Kuala Krai,Kelantan,1952,Malay,N/A,102.25681,5.31365,
Kemubu,格姆布,Kampung Baru Tradisional,Kuala Krai,Kelantan,1952,Malay,N/A,102.01722,5.29898,
Kuala Gris,瓜拉格里斯,Kampung Baru Tradisional,Kuala Krai,Kelantan,1952,Malay,N/A,102.06144,5.38922,
Laloh,拉罗,Kampung Baru Tradisional,Kuala Krai,Kelantan,1951,Malay,N/A,102.27231,5.30793,
Manek Urai,玛力勿莱,Kampung Baru Tradisional,Kuala Krai,Kelantan,1950,Malay,N/A,102.23489,5.39031,
Manjor,曼佐,Kampung Baru Tradisional,Kuala Krai,Kelantan,1952,Malay,N/A,102.25241,5.33123,
Pahi,柏希,Kampung Baru Tradisional,Kuala Krai,Kelantan,1951,Malay,N/A,102.22187,5.47157,
Pemberian,本柏里安,Kampung Baru Tradisional,Kuala Krai,Kelantan,1950,Malay,N/A,102.24873,5.33531,
Telekong,德勒贡,Kampung Baru Tradisional,Kuala Krai,Kelantan,1950,Malay,N/A,102.21233,5.65841,
Batu Jong,峇都钟,Kampung Baru Rangkaian,Kuala Krai,Kelantan,,Chinese,Hokkien,102.18082,5.5889,
Kampung Cina Chekok Tok Cuba,督祖巴,Kampung Baru Rangkaian,Machang,Kelantan,,Chinese,Hokkien,102.20117,5.86544,
Kampung Joh,甘榜佐（柔村）,Kampung Baru Rangkaian,Machang,Kelantan,,Chinese,Hokkien,102.1793,5.83888,
Mata Air,马达亚逸,Kampung Baru Rangkaian,Machang,Kelantan,,Chinese,Hokkien,102.1854,5.87586,
Temangan,东马岸,Kampung Baru Rangkaian,Machang,Kelantan,,Chinese,Hokkien,102.1508,5.70258,
Kasar,卡沙村（江沙村）,Kampung Baru Rangkaian,Pasir Mas,Kelantan,,"Malay, Chinese",Hokkien,102.16887,6.04963,
Pasir Parit,巴西巴力,Kampung Baru Rangkaian,Pasir Mas,Kelantan,,Chinese,Hokkien,102.19208,5.91654,
Tendong,登龙,Kampung Baru Rangkaian,Pasir Mas,Kelantan,,Chinese,Hokkien,102.20677,6.05751,
Seligi,西里基,Kampung Baru Rangkaian,Pasir Puteh,Kelantan,,Malay,N/A,102.31928,5.84791,
Selising,士里幸,Kampung Baru Rangkaian,Pasir Puteh,Kelantan,,Malay,N/A,102.33293,5.89512,
Semerak,士美腊（实姆乐）,Kampung Baru Rangkaian,Pasir Puteh,Kelantan,,Malay,N/A,102.49639,5.87259,
Kelisar,哥利沙,Kampung Baru Tradisional,Tanah Merah,Kelantan,1955,Malay,N/A,101.9883,5.7831,
Jelatok,日拉督,Kampung Baru Rangkaian,Tanah Merah,Kelantan,,Chinese,Hokkien,102.16313,5.83072,
Pasir Panji,巴西班宜,Kampung Baru Rangkaian,Tanah Merah,Kelantan,,Chinese,Hokkien,102.14195,5.7727,
Pulau Raya,桃花岛,Kampung Baru Rangkaian,Tanah Merah,Kelantan,,Chinese,Hokkien,102.17178,5.84048,
Kok Seraya,哥斯拉雅,Kampung Baru Rangkaian,Tumpat,Kelantan,,Chinese,Hokkien,102.16324,6.16059,
Kulim,古林,Kampung Baru Rangkaian,Tumpat,Kelantan,,Chinese,Hokkien,102.19142,6.11158,
Air Panas,热水湖,Kampung Baru Tradisional,Kuala Lumpur,Kuala Lumpur,1950,Chinese,,101.718,3.1885,
Jinjang,增江,Kampung Baru Tradisional,Kuala Lumpur,Kuala Lumpur,1950,Chinese,"Hakka, Cantonese",101.6617,3.2086,
Salak Selatan,沙叻秀,Kampung Baru Tradisional,Kuala Lumpur,Kuala Lumpur,1950,Chinese,Hakka,101.70386,3.089,
Lendu (Air Bemban),林鲁（雅逸旺满）,Kampung Baru Tradisional,Alor Gajah,Melaka,1950,Chinese,Hakka,102.17105,2.35745,
Machap Baru,马接峇汝,Kampung Baru Tradisional,Alor Gajah,Melaka,1950,Chinese,Hakka,102.33068,2.38194,
Machap Umboo,马接翁武（柏美）,Kampung Baru Tradisional,Alor Gajah,Melaka,1950,Chinese,Hakka,102.2774,2.38319,
Paya Mengkuang,巴也明光,Kampung Baru Tradisional,Alor Gajah,Melaka,1949,Chinese,Hakka,102.06725,2.34626,
Taboh Naning,打坡能宁,Kampung Baru Tradisional,Alor Gajah,Melaka,1950,Chinese,Hakka,102.18699,2.48124,
Man Lok,民乐乡村,Kampung Baru Rangkaian,Alor Gajah,Melaka,,Chinese,,102.03754,2.37102,
Bukit Asahan (Gunung Emas),亚沙汉金山,Kampung Baru Tradisional,Jasin,Melaka,1950,Chinese,Hokkien,102.54432,2.39414,
Bukit Katong,武吉加东,Kampung Baru Tradisional,Jasin,Melaka,1950,Chinese,,102.45915,2.32213,
Kampung On Lok,安乐新村,Kampung Baru Tradisional,Jasin,Melaka,1950,Chinese,Hakka,102.38373,2.47166,
Parit Keliling,巴力吉利令,Kampung Baru Tradisional,Jasin,Melaka,1950,Chinese,Hakka,102.50177,2.35977,
Pondok Batang,冯鹿峇登,Kampung Baru Tradisional,Jasin,Melaka,1950,Chinese,Hakka,102.50989,2.3854,
Simpang Bekoh,新邦木阁,Kampung Baru Tradisional,Jasin,Melaka,1950,Chinese,Hakka,102.5121,2.35744,
Air Manggis,亚逸马吉,Kampung Baru Rangkaian,Jasin,Melaka,,Chinese,Hakka,102.42792,2.28989,
Kampung Kongsai,广西村,Kampung Baru Rangkaian,Jasin,Melaka,,Chinese,Kwongsai,102.41539,2.27572,
Ayer Keroh,爱极乐,Kampung Baru Tradisional,Melaka Tengah,Melaka,1950,Chinese,Hakka,102.28365,2.26373,
Ayer Salak,亚依沙叻,Kampung Baru Tradisional,Melaka Tengah,Melaka,1951,Chinese,Teochew,102.16731,2.27237,
Bertam Ulu,巴淡芙露（柏淡乌鲁）,Kampung Baru Tradisional,Melaka Tengah,Melaka,1950,Chinese,,102.19377,2.28885,
Bukit Beruang,武吉波浪,Kampung Baru Tradisional,Melaka Tengah,Melaka,1953,Chinese,Hakka,102.27882,2.24187,
Bukit Rambai,武吉南眉,Kampung Baru Tradisional,Melaka Tengah,Melaka,1951,Chinese,"Hakka, Hokkien",102.17982,2.25602,
Sungai Udang,双溪乌浪,Kampung Baru Tradisional,Melaka Tengah,Melaka,1950,Chinese,Hakkka,102.13364,2.28414,
Tanjung Minyak,丹绒米雅,Kampung Baru Tradisional,Melaka Tengah,Melaka,1951,Chinese,Hokkien,102.19923,2.26388,
Tiang Dua,丁赖,Kampung Baru Tradisional,Melaka Tengah,Melaka,1957,Chinese,Luichew,102.3613,2.21417,
Tanjung Keling,丹绒吉灵,Kampung Baru Rangkaian,Melaka Tengah,Melaka,,Chinese,Hokkien,102.16484,2.22284,
Durian Tipus,榴梿知贝,Kampung Baru Tradisional,Jelebu,Negeri Sembilan,1950,Chinese,,102.22433,3.11904,
Ladang Jelebu,半芭,Kampung Baru Tradisional,Jelebu,Negeri Sembilan,1950,Chinese,Hakka,102.05983,2.97497,
Pertang,葫芦顶,Kampung Baru Tradisional,Jelebu,Negeri Sembilan,1950,Chinese,Hakka,102.21774,2.95957,
Kampung Petaling,古打灵,Kampung Baru Tradisional,Jelebu,Negeri Sembilan,1950,Chinese,,102.05885,2.94837,
Simpang Pertang,新邦葫芦顶,Kampung Baru Tradisional,Jelebu,Negeri Sembilan,1950,Chinese,Hakka,102.2604,2.94292,
Sungai Muntuh,双溪文都,Kampung Baru Tradisional,Jelebu,Negeri Sembilan,1950,Chinese,Hakka,102.08191,3.0199,
Titi,知知港,Kampung Baru Tradisional,Jelebu,Negeri Sembilan,1950,Chinese,Hakka,102.0741,2.99714,
Hosapa,河沙坝,Kampung Baru Rangkaian,Jelebu,Negeri Sembilan,,Chinese,Hakka,102.07491,2.99482,
Ayer Hitam,亚逸依淡,Kampung Baru Tradisional,Jempol,Negeri Sembilan,1961,Chinese,Cantonese,102.3777,2.92971,
Bakar Batu,巴加峇都,Kampung Baru Tradisional,Jempol,Negeri Sembilan,1950,Chinese,Hakka,102.4051,2.80498,
Bukit Pilah,武吉庇劳,Kampung Baru Tradisional,Jempol,Negeri Sembilan,1950,Chinese,Hakka,102.50467,2.70792,
Chu Ward,朱区,Kampung Baru Tradisional,Jempol,Negeri Sembilan,1950,Chinese,,102.40331,2.8075,
Kampung Indah,甘榜英达,Kampung Baru Tradisional,Jempol,Negeri Sembilan,1950,Chinese,Hakka,102.40609,2.8122,
Kampung Mahsan,马身,Kampung Baru Tradisional,Jempol,Negeri Sembilan,1950,Chinese,,102.40856,2.83249,
Rompin,弄边,Kampung Baru Tradisional,Jempol,Negeri Sembilan,,Chinese,,102.50367,2.70601,
Kampung Pak Kah Choon,百家村,Kampung Baru Rangkaian,Jempol,Negeri Sembilan,,Chinese,Hakka,102.41205,2.80298,
Kepis Batu 12,呷啤12里,Kampung Baru Rangkaian,Jempol,Negeri Sembilan,,"Chinese, Indian",,102.35539,2.69015,
Ladang Geddes Bahagian A,榕吉A村,Kampung Baru Rangkaian,Jempol,Negeri Sembilan,,Chinese,,102.52085,2.8654,
Ladang Geddes Bahagian B,榕吉B村,Kampung Baru Rangkaian,Jempol,Negeri Sembilan,,Chinese,,102.52569,2.85966,
Ladang Geddes Bahagian C,榕吉C村,Kampung Baru Rangkaian,Jempol,Negeri Sembilan,,Chinese,,102.48682,2.87234,
Ladang Geddes Bahagian D,榕吉D村,Kampung Baru Rangkaian,Jempol,Negeri Sembilan,,Chinese,,102.5072,2.87289,
Pekebun Kecil Sungai Lui,双溪镭,Kampung Baru Rangkaian,Jempol,Negeri Sembilan,,Chinese,,102.36747,3.10326,
Rata Bahau,平芭,Kampung Baru Rangkaian,Jempol,Negeri Sembilan,,Chinese,Cantonese,102.387,2.79666,
Tanah Panjis,丹那班积,Kampung Baru Rangkaian,Jempol,Negeri Sembilan,,Chinese,,102.50116,2.70599,
Seri Mahsan,斯里马身,Kampung Baru Rangkaian,Jempol,Negeri Sembilan,,Chinese,,102.4096,2.83251,
Ayer Mawang,亚依玛旺,Kampung Baru Tradisional,Kuala Pilah,Negeri Sembilan,,Chinese,Hakka,102.25708,2.55856,
Desa Bukit Gelugor,武吉古鲁莪,Kampung Baru Tradisional,Kuala Pilah,Negeri Sembilan,1950,Chinese,Hakka,102.31346,2.80199,
Dangi,冷宜,Kampung Baru Tradisional,Kuala Pilah,Negeri Sembilan,1950,Chinese,,102.32115,2.64481,
Kepis Batu 10,呷啤10里,Kampung Baru Tradisional,Kuala Pilah,Negeri Sembilan,1950,Chinese,Hokkien,102.36649,2.70628,
Kuala Jemapoh,瓜拉油麻坡,Kampung Baru Tradisional,Kuala Pilah,Negeri Sembilan,1952,Malay,N/A,102.28358,2.7776,
Parit Tinggi,巴力丁宜（港尾）,Kampung Baru Tradisional,Kuala Pilah,Negeri Sembilan,1950,Chinese,,102.22218,2.78738,
Simpang Dangi,新邦浪谊,Kampung Baru Tradisional,Kuala Pilah,Negeri Sembilan,1958,Chinese,Hakka,102.29066,2.63622,
Desa Tanah Merah Site A,丹那美拉Ａ,Kampung Baru Tradisional,Port Dickson,Negeri Sembilan,1952,Chinese,Foochow,101.7613,2.67861,
Desa Tanah Merah Site C,丹那美拉Ｃ,Kampung Baru Tradisional,Port Dickson,Negeri Sembilan,1952,Chinese,,101.80414,2.61333,
Desa Sungai Nipah,双溪立百,Kampung Baru Tradisional,Port Dickson,Negeri Sembilan,1953,Chinese,Foochow,101.7469,2.62579,
Bukit Pelandok,武吉不兰律,Kampung Baru Rangkaian,Port Dickson,Negeri Sembilan,,Chinese,Foochow,101.745,2.64523,
Kampung Hailam,德联乡海南村,Kampung Baru Rangkaian,Port Dickson,Negeri Sembilan,,Chinese,Hainanese,101.81835,2.52854,
Kebun Jimah,宜唛园,Kampung Baru Rangkaian,Port Dickson,Negeri Sembilan,,Chinese,Cantonese,101.82203,2.6079,
Kuala Lukut,瓜拉芦骨,Kampung Baru Rangkaian,Port Dickson,Negeri Sembilan,,Chinese,Hokkien,101.78537,2.58286,
Sri Parit,斯里巴力,Kampung Baru Rangkaian,Port Dickson,Negeri Sembilan,,Chinese,Hokkien,101.83865,2.56577,
Sungai Sendayan,山打央,Kampung Baru Rangkaian,Port Dickson,Negeri Sembilan,,Chinese,,101.87708,2.61481,
Legong Jaya,利贡再也,Kampung Baru Rangkaian,Rembau,Negeri Sembilan,,Chinese,,102.16142,2.50088,
Desa Batu 8 Labu,拉务8英里,Kampung Baru Tradisional,Seremban,Negeri Sembilan,1950,Chinese,Hakka,101.85636,2.74129,
Broga,武来岸,Kampung Baru Tradisional,Seremban,Negeri Sembilan,1950,Chinese,Hakka,101.91117,2.9358,
Desa Mambau,万茂,Kampung Baru Tradisional,Seremban,Negeri Sembilan,1950,Chinese,Cantonese,101.91733,2.6686,
Mantin,文丁,Kampung Baru Tradisional,Seremban,Negeri Sembilan,1952,Chinese,Hakka,101.88897,2.82796,
Nilai,汝来,Kampung Baru Tradisional,Seremban,Negeri Sembilan,1952,Chinese,Hakka,101.80225,2.80856,
Pajam,巴音,Kampung Baru Tradisional,Seremban,Negeri Sembilan,1951,Chinese,,101.84953,2.84311,
Pantai,班底,Kampung Baru Tradisional,Seremban,Negeri Sembilan,1951,Chinese,,101.99628,2.78781,
Desa Paroi,芭蕾,Kampung Baru Tradisional,Seremban,Negeri Sembilan,1950,Chinese,,102.00026,2.72345,
Desa Rahang,拉杭,Kampung Baru Tradisional,Seremban,Negeri Sembilan,1952,Chinese,,101.96403,2.69564,
Rasah,亚沙,Kampung Baru Tradisional,Seremban,Negeri Sembilan,1951,Chinese,Hakka,101.93247,2.69886,
Sikamat,小甘蜜,Kampung Baru Tradisional,Seremban,Negeri Sembilan,1950,Chinese,Cantonese,101.96694,2.74539,
Ulu Beranang,吁噜峇玲珑,Kampung Baru Tradisional,Seremban,Negeri Sembilan,1950,Chinese,,101.92842,2.89347,
Pasir Mas,金沙,Kampung Baru Rangkaian,Seremban,Negeri Sembilan,,Chinese,,101.9629,2.58897,
Desa Ayer Kuning,亚逸昆宁,Kampung Baru Tradisional,Tampin,Negeri Sembilan,1950,Chinese,"Cantonese, Hakka",102.47833,2.50786,
Desa Gedok,义乐,Kampung Baru Tradisional,Tampin,Negeri Sembilan,1950,Chinese,Hokkien,102.42056,2.54721,
Gemas,金马士,Kampung Baru Tradisional,Tampin,Negeri Sembilan,1950,Chinese,,102.6209,2.58542,
Desa Tampin,淡边,Kampung Baru Tradisional,Tampin,Negeri Sembilan,1950,Chinese,Hokkien,102.23105,2.47817,
Bukit Tinggi,武吉丁宜,Kampung Baru Tradisional,Bentong,Pahang,1951,Chinese,Kwongsai,101.82142,3.34927,
Chamang,暹猛,Kampung Baru Tradisional,Bentong,Pahang,1950,Chinese,Cantonese,101.90191,3.52875,
Karak,加叻,Kampung Baru Tradisional,Bentong,Pahang,1950,Chinese,Kwongsai,102.03551,3.41436,
Kemansur,金马苏,Kampung Baru Tradisional,Bentong,Pahang,1950,Chinese,,101.90298,3.52407,
Ketari,吉打里,Kampung Baru Tradisional,Bentong,Pahang,1950,Chinese,Kwongsai,101.91325,3.50661,
Manchis,文积,Kampung Baru Tradisional,Bentong,Pahang,1950,Chinese,,102.16214,3.20177,
Perting,玻璃口,Kampung Baru Tradisional,Bentong,Pahang,1950,Chinese,Kwongsai,101.90601,3.51969,
Repas,力巴士,Kampung Baru Tradisional,Bentong,Pahang,1950,Chinese,Hakka,101.90314,3.53077,
Sri Telemong,斯里地里望,Kampung Baru Tradisional,Bentong,Pahang,1950,Chinese,,102.06517,3.35727,
Sungai Dua,双溪都亚,Kampung Baru Tradisional,Bentong,Pahang,1950,Chinese,,101.98966,3.45433,
Sungai Gapoi,双溪甲杯,Kampung Baru Tradisional,Bentong,Pahang,1950,Chinese,Cantonese,102.10565,3.27241,
Sungai Penjuring,宋溪本祖令,Kampung Baru Tradisional,Bentong,Pahang,1950,Chinese,,101.87778,3.61329,
Sungai Perdak,双溪必得,Kampung Baru Tradisional,Bentong,Pahang,1950,Chinese,,102.06116,3.32659,
Telemong,地里望,Kampung Baru Tradisional,Bentong,Pahang,1950,Chinese,,102.08802,3.29043,
Ulu Perting,旧玻璃口,Kampung Baru Tradisional,Bentong,Pahang,1950,Chinese,,101.90484,3.51452,
Kemayan,金马扬,Kampung Baru Tradisional,Bera,Pahang,1950,Chinese,Kwongsai,102.3682,3.13519,
Kerayong,吉拉央,Kampung Baru Tradisional,Bera,Pahang,1950,Chinese,Hokkien,102.45161,3.26478,
Mengkarak,明加叻,Kampung Baru Tradisional,Bera,Pahang,1950,Chinese,Hokkien,102.42248,3.32879,
Mengkuang,明光,Kampung Baru Tradisional,Bera,Pahang,1949,Chinese,,102.39854,3.18714,
Teriang,直凉,Kampung Baru Tradisional,Bera,Pahang,1950,Chinese,Hokkien,102.41907,3.24711,
Kampung Bukit Godam,武吉高林,Kampung Baru Rangkaian,Bera,Pahang,,Chinese,Cantonese,102.326,3.14206,
Kampung Menteri,文德里,Kampung Baru Rangkaian,Bera,Pahang,,Chinese,Foochow,102.41788,3.28545,
Paya Lang,巴也郎,Kampung Baru Rangkaian,Bera,Pahang,,Chinese,Cantonese,102.42264,3.20654,
Kampung Raja,甘榜拉惹,Kampung Baru Tradisional,Cameron Highlands,Pahang,1962,Chinese,,101.40668,4.56848,
Kea Farm,美兰村,Kampung Baru Tradisional,Cameron Highlands,Pahang,1950,Chinese,,101.41234,4.50366,
Kuala Terla,瓜拉德拉,Kampung Baru Tradisional,Cameron Highlands,Pahang,1949,Chinese,,101.41549,4.54794,
Bertam Valley,巴登威利,Kampung Baru Tradisional,Cameron Highlands,Pahang,1952,Chinese,,101.39877,4.41501,
Ringlet,冷力,Kampung Baru Tradisional,Cameron Highlands,Pahang,1951,Chinese,,101.38409,4.41402,
Tringkap,直冷甲,Kampung Baru Tradisional,Cameron Highlands,Pahang,1950,Chinese,,101.42863,4.51567,
Batu Balai,华都巴来,Kampung Baru Tradisional,Jerantut,Pahang,1950,Chinese,,102.17151,3.97888,
Jeransung,而连宋,Kampung Baru Tradisional,Jerantut,Pahang,1961,Chinese,Hakka,102.36219,3.85996,
Damak,南唛,Kampung Baru Tradisional,Jerantut,Pahang,1950,Chinese,,102.21544,3.94947,
Padang Saujana,新生港,Kampung Baru Tradisional,Jerantut,Pahang,1970,Chinese,,102.37611,3.9135,
Sungai Jan,双溪仁,Kampung Baru Tradisional,Jerantut,Pahang,1950,Chinese,,102.36518,3.94133,
Sungai Lekok,友联港,Kampung Baru Tradisional,Jerantut,Pahang,1951,Chinese,,102.33079,3.90144,
Batu 57,57碑,Kampung Baru Rangkaian,Jerantut,Pahang,,Chinese,Hokkien,102.38996,3.92825,
Sungai Par Ulu,双溪芭乌鲁,Kampung Baru Rangkaian,Jerantut,Pahang,,Chinese,Kwongsai,102.32441,3.92747,
Gambang,甘孟,Kampung Baru Tradisional,Kuantan,Pahang,1950,Chinese,Cantonese,103.09947,3.70716,
Seri Teruntum (Tanah Puteh),关丹新村,Kampung Baru Tradisional,Kuantan,Pahang,1954,Chinese,,103.3126,3.80047,
Seberang Baru Sungai Lembing,林明横港,Kampung Baru Rangkaian,Kuantan,Pahang,,Chinese,Hakka,103.02892,3.91643,
Benta,文达,Kampung Baru Tradisional,Lipis,Pahang,1951,Chinese,,101.96456,4.01918,
Jerkoh,日利谷,Kampung Baru Tradisional,Lipis,Pahang,1951,Chinese,,101.95489,4.03955,
Padang Tengku,巴登冬姑,Kampung Baru Tradisional,Lipis,Pahang,1951,Chinese,,101.99158,4.23406,
Penjom,槟绒,Kampung Baru Tradisional,Lipis,Pahang,1952,Chinese,,102.0054,4.11551,
Sri Jaya,斯里再也,Kampung Baru Tradisional,Maran,Pahang,1960,Chinese,Foochow,102.87441,3.67334,
Sungai Jerik,双溪热力,Kampung Baru Tradisional,Maran,Pahang,1950,Chinese,,102.64288,3.78617,
Bukit Koman,武吉公满,Kampung Baru Tradisional,Raub,Pahang,1950,Chinese,Hakka,101.85206,3.81776,
Cheroh,积罗,Kampung Baru Tradisional,Raub,Pahang,1950,Chinese,Hakka,101.81358,3.90268,
Sang Lee,生利,Kampung Baru Tradisional,Raub,Pahang,1950,Chinese,,101.84495,3.65745,
Sempalit,新巴力,Kampung Baru Tradisional,Raub,Pahang,1950,Chinese,Hakka,101.87148,3.80093,
Sungai Chetang,双溪只登,Kampung Baru Tradisional,Raub,Pahang,1951,Chinese,Hakka,101.82151,3.71063,
Sungai Klau,双溪吉流,Kampung Baru Tradisional,Raub,Pahang,1950,Chinese,,101.98034,3.74523,
Sungai Lui,双溪内,Kampung Baru Tradisional,Raub,Pahang,1950,Chinese,Hakka,101.84736,3.81163,
Sungai Ruan,双溪兰,Kampung Baru Tradisional,Raub,Pahang,1951,Chinese,,101.93872,3.80758,
Tras,都赖,Kampung Baru Tradisional,Raub,Pahang,1951,Chinese,,101.80812,3.74043,
Sungai Chalit,双溪查力,Kampung Baru Rangkaian,Raub,Pahang,,Chinese,Cantonese,102.00708,3.75892,
Kerdau,吉道（加流）,Kampung Baru Tradisional,Temerloh,Pahang,1952,Chinese,,102.36988,3.57433,
Kuala Krau,瓜拉吉挠,Kampung Baru Tradisional,Temerloh,Pahang,1950,Chinese,,102.36865,3.70922,
Lanchang,联增,Kampung Baru Tradisional,Temerloh,Pahang,1950,Chinese,,102.19199,3.49461,
"Kampung Suria, Mentakab",文德甲,Kampung Baru Tradisional,Temerloh,Pahang,1950,Chinese,Hakka,102.35218,3.48757,
Kampung Seri Temerloh,淡马鲁,Kampung Baru Tradisional,Temerloh,Pahang,1950,Chinese,,102.41798,3.45357,
Kampung Belenggu Halt,柏冷谷,Kampung Baru Rangkaian,Temerloh,Pahang,,Chinese,,102.33733,3.43212,
Simpang Empat,新邦安拔,Kampung Baru Tradisional,Bagan Datuk,Perak,1950,Chinese,,100.93694,3.89611,
Bagan Ikan,峇眼渔港,Kampung Bagan,Bagan Datuk,Perak,,Chinese,Teochew,100.77972,3.98972,
Bagan Lipas Laut,峇眼哩叭（峇眼里拔）,Kampung Bagan,Bagan Datuk,Perak,,Chinese,Teochew,100.80528,3.86056,
Bagan Parit Empat,四条港,Kampung Bagan,Bagan Datuk,Perak,,Chinese,Teochew,100.84222,3.85611,
Bagan Pasir Laut,峇眼巴硕,Kampung Bagan,Bagan Datuk,Perak,,Chinese,Hokkien,100.81972,3.85972,
Bagan Sungai Belukang,双吕江,Kampung Bagan,Bagan Datuk,Perak,,Chinese,Hokkien,100.74361,3.8625,
Bagan Sungai Burung,双武隆,Kampung Bagan,Bagan Datuk,Perak,,Chinese,Teochew,100.70528,3.97667,
Bagan Sungai Tiang,双怡仗,Kampung Bagan,Bagan Datuk,Perak,,Chinese,Hokkien,100.71333,3.90472,
Ayer Kuning,亚亦君令（新路）,Kampung Baru Tradisional,Batang Padang,Perak,1950,Chinese,,101.1425,4.18917,
Banir,万岭,Kampung Baru Tradisional,Batang Padang,Perak,1950,Chinese,Hakka,101.18,4.20889,
Banir Estate,万岭园,Kampung Baru Tradisional,Batang Padang,Perak,1950,Chinese,,101.22639,4.2225,
Bidor,美罗,Kampung Baru Tradisional,Batang Padang,Perak,1950,Chinese,Hakka,101.28917,4.11667,
Bidor Stesyen,美罗火车头,Kampung Baru Tradisional,Batang Padang,Perak,1950,Chinese,Hakka,101.26722,4.10556,
Bukit Pagar,宝结百家,Kampung Baru Tradisional,Batang Padang,Perak,1950,Chinese,Hakka,101.26639,4.18611,
Chenderiang,积莪营,Kampung Baru Tradisional,Batang Padang,Perak,1951,Chinese,Cantonese,101.23778,4.26472,
Kampung Coldstream,冷水河,Kampung Baru Tradisional,Batang Padang,Perak,1950,Chinese,Hakka,101.23972,4.04361,
Kampung Pahang,金榜彭亨,Kampung Baru Tradisional,Batang Padang,Perak,1951,Chinese,,101.27556,4.21722,
Kuala Bikam,瓜拉美金,Kampung Baru Tradisional,Batang Padang,Perak,1950,Chinese,,101.24333,4.0225,
Pekan Getah,北根吉打,Kampung Baru Tradisional,Batang Padang,Perak,1950,Chinese,Cantonese,101.225,4.18833,
Pekan Pasir,卜干巴沙,Kampung Baru Tradisional,Batang Padang,Perak,1951,Chinese,,101.28722,4.06917,
Sungai Kroh,宋溪古罗,Kampung Baru Tradisional,Batang Padang,Perak,1950,Chinese,Hakka,101.14,4.21889,
Sungkai,宋溪,Kampung Baru Tradisional,Batang Padang,Perak,1951,Chinese,,101.31056,3.99472,
Tanah Mas,丹那马士,Kampung Baru Tradisional,Batang Padang,Perak,1950,Chinese,Hakka,101.26611,4.14472,
Tapah Road,打巴律,Kampung Baru Tradisional,Batang Padang,Perak,1952,Chinese,,101.19167,4.17194,
Temoh,地摩,Kampung Baru Tradisional,Batang Padang,Perak,1950,Chinese,,101.195,4.24083,
Kampung Belakang Pasar,美罗巴刹市背,Kampung Baru Rangkaian,Batang Padang,Perak,,Chinese,Hakka,101.28472,4.11083,
Kampung Muhibbah Chenderiang,亲善村,Kampung Baru Rangkaian,Batang Padang,Perak,,Chinese,Cantonese,101.23432,4.2581,
Kampung Tersusun Banir Estate,万岭园重组村,Kampung Baru Rangkaian,Batang Padang,Perak,,Chinese,,101.22467,4.21821,
Batu Dua Belas,十二碑,Kampung Baru Tradisional,Hilir Perak,Perak,1950,Chinese,Teochew,101.17445,4.00411,
Chui Chak,水闸,Kampung Baru Tradisional,Hilir Perak,Perak,1950,Chinese,Hakka,101.17222,4.04472,
Goh Hong,五丰村,Kampung Baru Tradisional,Hilir Perak,Perak,1960,Chinese,,101.13019,4.02287,
Langkap,冷甲,Kampung Baru Tradisional,Hilir Perak,Perak,1950,Chinese,,101.14917,4.07167,
Pelawan,巴拉湾,Kampung Baru Tradisional,Hilir Perak,Perak,1949,Chinese,Hakka,101.1875,4.06667,
Pasir Bedamar,芭尾（巴硕伯达马）,Kampung Baru Tradisional,Hilir Perak,Perak,1950,Chinese,,101.00583,4.035,
Ayer Kala,爱育嘉拉,Kampung Baru Tradisional,Hulu Perak,Perak,1951,Chinese,Kwongsai,101.05722,5.19472,
Batu Dua,峇都鲁亚,Kampung Baru Tradisional,Hulu Perak,Perak,1950,Chinese,,101.13556,5.45222,
Klian Intan,仁丹,Kampung Baru Tradisional,Hulu Perak,Perak,1952,Chinese,Hakka,101.02333,5.63583,
Kota Tampan,哥打淡板,Kampung Baru Tradisional,Hulu Perak,Perak,1952,Chinese,Kwongsai,100.96583,5.05583,
Kuala Rui,高拉雷,Kampung Baru Tradisional,Hulu Perak,Perak,1957,Chinese,Kwongsai,101.17056,5.45806,
Padang Grus,巴登古鲁,Kampung Baru Tradisional,Hulu Perak,Perak,1951,Chinese,Kwongsai,101.01528,5.16556,
Pengkalan Hulu,高乌,Kampung Baru Tradisional,Hulu Perak,Perak,1959,Chinese,,101.00194,5.70444,
Selat Pagar,士力百加,Kampung Baru Tradisional,Hulu Perak,Perak,1950,Chinese,Kwongsai,101.03556,5.17917,
Tasek,打石,Kampung Baru Tradisional,Hulu Perak,Perak,1950,"Siamese, Chinese",,100.97351,5.6675,
UPRA 8,八号村,Kampung Baru Tradisional,Hulu Perak,Perak,1951,Chinese,,101.12806,5.43389,
Jeram,也南,Kampung Baru Tradisional,Kampar,Perak,1950,Chinese,Hakka,101.155,4.38833,
Kopisan Baru,新咖啡山,Kampung Baru Tradisional,Kampar,Perak,1950,Chinese,"Cantonese, Hakka",101.1575,4.46389,
Lawan Kuda Baru,拉湾古打,Kampung Baru Tradisional,Kampar,Perak,1950,Chinese,Hakka,101.15964,4.45297,
Malim Nawar,双溪古月,Kampung Baru Tradisional,Kampar,Perak,1950,Chinese,Hakka,101.11917,4.35306,
Mambang Di Awan,万邦刁湾（桂花村）,Kampung Baru Tradisional,Kampar,Perak,1950,Chinese,"Hakka, Cantonese",101.14494,4.26594,
Sungai Siput Selatan,石山脚,Kampung Baru Tradisional,Kampar,Perak,1950,Chinese,,101.19389,4.39444,
Tronoh Mines,东兴港,Kampung Baru Tradisional,Kampar,Perak,1950,Chinese,Cantonese,101.08667,4.27083,
Aston Settlement,埃斯顿村,Kampung Baru Rangkaian,Kampar,Perak,,Chinese,,101.15,4.31806,
Desa Lawan Kuda,荣峰园,Kampung Baru Rangkaian,Kampar,Perak,,Chinese,Hakka,101.15472,4.45111,
Kampung Rawa,甘榜那哇,Kampung Baru Rangkaian,Kampar,Perak,,Chinese,Cantonese,101.16639,4.46953,
Kampung Tersusun Kowdow,孤岛重组村,Kampung Baru Rangkaian,Kampar,Perak,,Chinese,,101.14656,4.27169,
Malim Nawar Tin,双溪古月甸,Kampung Baru Rangkaian,Kampar,Perak,,Chinese,Hakka,101.11694,4.35389,
Taman Merdeka,独立园重组村,Kampung Baru Rangkaian,Kampar,Perak,,Chinese,,101.15556,4.26778,
Wah Loong Baru,华隆新村,Kampung Baru Rangkaian,Kampar,Perak,,Chinese,,101.14917,4.30861,
Kampung Liang Seng,两成园,Kampung Baru Rangkaian,Kerian,Perak,,Chinese,,100.50167,4.98194,
Bagan Seberang,对面港,Kampung Bagan,Kerian,Perak,,Chinese,Hokkien,100.42861,5.00694,
Bagan Selatan,南港,Kampung Bagan,Kerian,Perak,,Chinese,Teochew,100.38667,5.07722,
Bagan Tiang,峇眼甸,Kampung Bagan,Kerian,Perak,,Chinese,Teochew,100.40028,5.10889,
Bagan Utara,北港,Kampung Bagan,Kerian,Perak,,Chinese,Teochew,100.38722,5.07861,
Jalan Pantai,惹兰班台,Kampung Bagan,Kerian,Perak,,Chinese,"Hokkien, Teochew",100.42639,5.00833,
Kampung Nelayan,甘榜呢拉央,Kampung Bagan,Kerian,Perak,,Chinese,,100.41778,5.00389,
Kampung Teluk,甘榜得乐,Kampung Bagan,Kerian,Perak,,Chinese,Hokkien,100.53149,5.00756,
Kuala Gula,瓜拉牛拉,Kampung Bagan,Kerian,Perak,,Chinese,Hokkien,100.46611,4.93333,
Ampang Baru,安邦（暗邦）,Kampung Baru Tradisional,Kinta,Perak,1953,Chinese,,101.13,4.58722,
Bali,百利,Kampung Baru Tradisional,Kinta,Perak,1951,Chinese,,101.00556,4.39389,
Bemban,民万,Kampung Baru Tradisional,Kinta,Perak,1950,Chinese,,101.01201,4.45814,
Bercham,巴占,Kampung Baru Tradisional,Kinta,Perak,1950,Chinese,,101.12806,4.63833,
Bukit Merah,红泥山,Kampung Baru Tradisional,Kinta,Perak,1950,Chinese,"Hakka, Cantonese",101.04028,4.55175,
Buntong,文冬,Kampung Baru Tradisional,Kinta,Perak,1950,Chinese,,101.06333,4.59806,
Changkat Kinding,曾吉京宁,Kampung Baru Tradisional,Kinta,Perak,1951,Chinese,Teochew,101.15083,4.69944,
Chemor R.A.,珠宝,Kampung Baru Tradisional,Kinta,Perak,1950,Chinese,,101.11889,4.72139,
Chenderong,贞德隆,Kampung Baru Tradisional,Kinta,Perak,1950,Chinese,Hakka,101.05056,4.40722,
Falim,华林市,Kampung Baru Tradisional,Kinta,Perak,1950,Chinese,,101.06414,4.58263,
Gunung Hijau/Pusing,喜州村/布先,Kampung Baru Tradisional,Kinta,Perak,1950,Chinese,Hakka,101.00556,4.49083,
Gunung Rapat,昆仑喇叭,Kampung Baru Tradisional,Kinta,Perak,1950,Chinese,Hakka,101.12028,4.57222,
Indian Settlement (Desa Changkat),印人徒置村（曾吉）,Kampung Baru Tradisional,Kinta,Perak,1951,Indian,N/A,101.02889,4.4775,
Jelapang,九洞,Kampung Baru Tradisional,Kinta,Perak,1953,Chinese,"Hakka, Cantonese",101.05972,4.63722,
Kampung Simee,狮尾,Kampung Baru Tradisional,Kinta,Perak,1950,Chinese,Cantonese,101.11,4.6175,
Kampung Tawas,甘榜斗华,Kampung Baru Tradisional,Kinta,Perak,1951,Chinese,"Hakka, Cantonese",101.10028,4.64833,
Kampung Timah,金榜地傌,Kampung Baru Tradisional,Kinta,Perak,1951,Chinese,,101.05361,4.28278,
Kanthan Baru,拱桥,Kampung Baru Tradisional,Kinta,Perak,1951,Chinese,Hakka,101.11957,4.74238,
Kuala Kuang,瓜拉光,Kampung Baru Tradisional,Kinta,Perak,1951,Chinese,,101.11001,4.70867,
Lahat,拿乞,Kampung Baru Tradisional,Kinta,Perak,1950,Chinese,"Hakka, Cantonese",101.03722,4.53806,
Lim Tan,林旦,Kampung Baru Tradisional,Kinta,Perak,1950,Chinese,,101.1575,4.65889,
Menglembu,万里望,Kampung Baru Tradisional,Kinta,Perak,1951,Chinese,Hakka,101.05,4.56389,
Nalla,那拉,Kampung Baru Tradisional,Kinta,Perak,1951,Chinese,,100.97694,4.42278,
Papan,甲板,Kampung Baru Tradisional,Kinta,Perak,1950,Chinese,Hakka,101.01222,4.515,
Papan Baru,新甲板,Kampung Baru Tradisional,Kinta,Perak,1957,Chinese,,101.01611,4.50333,
Pasir Pinji,兵如港,Kampung Baru Tradisional,Kinta,Perak,1950,Chinese,,101.08861,4.57472,
Simpang Pulai,新邦波赖,Kampung Baru Tradisional,Kinta,Perak,1951,Chinese,,101.12583,4.53028,
Sungai Durian,宋溪榴梿,Kampung Baru Tradisional,Kinta,Perak,1951,Chinese,Hakka,101.03528,4.31806,
Tambun,打扪,Kampung Baru Tradisional,Kinta,Perak,1952,Chinese,,101.13778,4.6075,
Tanah Hitam,丹那依淡,Kampung Baru Tradisional,Kinta,Perak,1951,Chinese,"Hakka, Cantonese",101.14496,4.72607,
Tanjung Rambutan R.A.,红毛丹,Kampung Baru Tradisional,Kinta,Perak,1950,Chinese,,101.15471,4.67015,
Tanjung Tualang,督亚冷,Kampung Baru Tradisional,Kinta,Perak,1950,Chinese,,101.05722,4.32611,
Kampung Baru MTD,马来甸,Kampung Baru Rangkaian,Kinta,Perak,,Chinese,,101.04882,4.48896,
Jerlun,瑶伦,Kampung Baru Tradisional,Kuala Kangsar,Perak,1952,Chinese,,100.91,4.73278,
Karai (Enggor),加赖（宁罗/永梧）,Kampung Baru Tradisional,Kuala Kangsar,Perak,1951,Chinese,,100.96694,4.83556,
Kati,加地,Kampung Baru Tradisional,Kuala Kangsar,Perak,1950,Chinese,,100.90694,4.87611,
Lasah,叻沙,Kampung Baru Tradisional,Kuala Kangsar,Perak,1951,Chinese,,101.12167,4.95528,
Liman Kati,利民加地,Kampung Baru Tradisional,Kuala Kangsar,Perak,1951,Chinese,Kwongsai,100.90388,4.85085,
Lintang,连登,Kampung Baru Tradisional,Kuala Kangsar,Perak,1950,Chinese,,101.10519,4.9381,
Manong,万浓,Kampung Baru Tradisional,Kuala Kangsar,Perak,1954,Chinese,,100.88139,4.59389,
Padang Rengas,硝山,Kampung Baru Tradisional,Kuala Kangsar,Perak,1952,Chinese,,100.8425,4.77417,
Rimba Panjang,林马班映,Kampung Baru Tradisional,Kuala Kangsar,Perak,1951,Chinese,,101.10111,4.79778,
Salak Baharu,新沙叻,Kampung Baru Tradisional,Kuala Kangsar,Perak,1950,Chinese,,100.99361,4.84167,
Salak Utara,沙叻北,Kampung Baru Tradisional,Kuala Kangsar,Perak,1950,Chinese,,101.00833,4.83472,
Sauk,新寿活,Kampung Baru Tradisional,Kuala Kangsar,Perak,1950,Chinese,,100.92111,4.93472,
Sungai Buloh,竹芭,Kampung Baru Tradisional,Kuala Kangsar,Perak,1951,Chinese,Hakka,101.06306,4.82028,
Simpang Jalong,新邦也郎,Kampung Baru Tradisional,Kuala Kangsar,Perak,1952,Chinese,Cantonese,101.09194,4.82306,
Kampung Tersusun Simpang Jalong,也郎重组村,Kampung Baru Rangkaian,Kuala Kangsar,Perak,,Chinese,,101.09556,4.81806,
Aulong,后廊,Kampung Baru Tradisional,Larut Matang,Perak,1952,Chinese,,100.71275,4.85319,
Ayer Terjun,阿逸德润,Kampung Baru Tradisional,Larut Matang,Perak,1950,Chinese,,100.71122,4.64275,
Batu Kurau,峇都古劳,Kampung Baru Tradisional,Larut Matang,Perak,1956,Chinese,,100.79961,4.97483,
Changkat Jering,新路口（章吉遮令）,Kampung Baru Tradisional,Larut Matang,Perak,1950,Chinese,,100.72047,4.79094,
Jelai,日莱,Kampung Baru Tradisional,Larut Matang,Perak,1952,Chinese,,100.81053,5.012,
Kamunting,甘文丁（新港门）,Kampung Baru Tradisional,Larut Matang,Perak,1956,Chinese,,100.73475,4.891,
Kampung Pinang,甘榜槟榔,Kampung Baru Tradisional,Larut Matang,Perak,1956,Malay,N/A,100.72628,4.88353,
Kuala Sepetang,十八丁,Kampung Baru Tradisional,Larut Matang,Perak,1952,Chinese,"Teochew, Hokkien",100.63032,4.83989,
Kubu Gajah,古布牙也,Kampung Baru Tradisional,Larut Matang,Perak,1950,"Malay, Chinese",,100.67653,5.16436,
Matang,峇登,Kampung Baru Tradisional,Larut Matang,Perak,1950,Chinese,Teochew,100.67117,4.81983,
Padang Gajah,巴东牙也,Kampung Baru Tradisional,Larut Matang,Perak,1954,Chinese,,100.71639,4.61508,
Pasir Hitam,大直弄,Kampung Baru Tradisional,Larut Matang,Perak,1950,Chinese,Hokkien,100.61567,4.64753,
Pokok Assam,保阁亚三,Kampung Baru Tradisional,Larut Matang,Perak,1951,Chinese,Hokkien,100.73844,4.82842,
Rantau Panjang,拉都班央,Kampung Baru Tradisional,Larut Matang,Perak,1950,Chinese,Hokkien,100.73039,5.24028,
Redang Panjang (Ijok),连登班央（怡郁）,Kampung Baru Tradisional,Larut Matang,Perak,1950,Chinese,,100.78311,5.11581,
Sungai Kerang,双溪吉隆,Kampung Baru Tradisional,Larut Matang,Perak,1952,Chinese,,100.68175,4.59628,
Sungai Rotan,双溪罗丹,Kampung Baru Tradisional,Larut Matang,Perak,1950,Chinese,,100.73472,4.55597,
Sungai Terap,双溪打立,Kampung Baru Tradisional,Larut Matang,Perak,1950,Chinese,,100.68361,5.2035,
Simpang (Simpang Makmur),新板,Kampung Baru Tradisional,Larut Matang,Perak,1952,Chinese,Hokkien,100.71042,4.82033,
Temerlok,淡不落,Kampung Baru Tradisional,Larut Matang,Perak,1950,Chinese,"Teochew, Hokkien",100.69272,4.65175,
Terong,直弄,Kampung Baru Tradisional,Larut Matang,Perak,1952,Chinese,Hokkien,100.72025,4.70803,
Pondok Tanjung,浮罗丹绒,Kampung Baru Rangkaian,Larut Matang,Perak,,"Malay, Chinese",,100.72944,5.01111,
Selama,司南马,Kampung Baru Rangkaian,Larut Matang,Perak,,Chinese,,100.69277,5.21785,
Ulu Sepetang,乌鲁十八丁,Kampung Baru Rangkaian,Larut Matang,Perak,,Chinese,,100.73308,4.96502,
Ayer Tawar,爱大华,Kampung Baru Tradisional,Manjung,Perak,1951,Chinese,Foochow,100.75917,4.29389,
Beruas,木威,Kampung Baru Tradisional,Manjung,Perak,1951,Chinese,Hakka,100.79056,4.49889,
Changkat Keruing,莫珍歪,Kampung Baru Tradisional,Manjung,Perak,1951,Chinese,Foochow,100.68667,4.37722,
Kampung Cina,福清洋,Kampung Baru Tradisional,Manjung,Perak,1951,Chinese,Foochow,100.68528,4.19417,
Kampung Jering,哲仁（第三村）,Kampung Baru Tradisional,Manjung,Perak,1951,Chinese,Foochow,100.77806,4.34639,
Kampung Koh,甘文阁,Kampung Baru Tradisional,Manjung,Perak,1951,Chinese,Foochow,100.70528,4.18861,
Kampung Merbau,甘光马坡（第二村）,Kampung Baru Tradisional,Manjung,Perak,1951,Chinese,Kwongsai,100.73,4.33472,
Pekan Gurney,格尼市,Kampung Baru Tradisional,Manjung,Perak,1951,Chinese,Foochow,100.74417,4.2225,
Raja Hitam,拉也依淡（第一村）,Kampung Baru Tradisional,Manjung,Perak,1951,Chinese,Foochow,100.75056,4.33667,
Simpang Dua,二条路,Kampung Baru Tradisional,Manjung,Perak,1951,Chinese,Foochow,100.73056,4.20222,
Simpang Lima,五条路,Kampung Baru Tradisional,Manjung,Perak,1951,Chinese,Foochow,100.75861,4.2475,
Sungai Batu,双溪峇都,Kampung Baru Tradisional,Manjung,Perak,1951,Chinese,Cantonese,100.65583,4.43167,
Pangkor,邦咯,Kampung Baru Rangkaian,Manjung,Perak,,Chinese,,100.57503,4.21184,gazetted 2024
Sungai Pinang,彬楠（双溪槟榔）,Kampung Baru Rangkaian,Manjung,Perak,,Chinese,,100.57457,4.22202,gazetted 2024
Behrang Stesyen,美冷火车头,Kampung Baru Tradisional,Muallim,Perak,1950,Chinese,Kwongsai,101.44972,3.74306,
Behrang Ulu,美冷呜噜,Kampung Baru Tradisional,Muallim,Perak,1950,Chinese,,101.49639,3.75583,
Ketoyong,哥多容,Kampung Baru Tradisional,Muallim,Perak,1950,Chinese,,101.51627,3.68958,
Slim River,仕林河,Kampung Baru Tradisional,Muallim,Perak,1950,Chinese,,101.40056,3.83167,
Slim Village,仕林村,Kampung Baru Tradisional,Muallim,Perak,1950,Chinese,,101.48035,3.84997,
Trolak,地罗叻,Kampung Baru Tradisional,Muallim,Perak,1950,"Indian, Chinese",,101.37722,3.89111,
Kampung Perhentian,合作社,Kampung Baru Rangkaian,Muallim,Perak,,Chinese,,101.40195,3.82294,
Pauh Setia,新路村,Kampung Baru Tradisional,Perlis,Perlis,,Chinese,Teochew,100.30164,6.43808,
Kaki Bukit,加基武吉,Kampung Baru Rangkaian,Perlis,Perlis,1956,Chinese,Hakka,100.20808,6.64365,
Jawi,爪夷,Kampung Baru Tradisional,Seberang Perai Selatan,Pulau Pinang,1954,Chinese,Teochew,100.49524,5.21144,
Sungai Kecil,双溪吉舌,Kampung Baru Tradisional,Seberang Perai Selatan,Pulau Pinang,1954,Chinese,Hokkien,100.52319,5.16441,
Valdor,华都村,Kampung Baru Tradisional,Seberang Perai Selatan,Pulau Pinang,1954,Chinese,Teochew,100.4913,5.24164,
Wellesley,威利斯里村,Kampung Baru Tradisional,Seberang Perai Selatan,Pulau Pinang,1954,Chinese,,100.51608,5.21182,
Changkat,樟角村,Kampung Baru Rangkaian,Seberang Perai Selatan,Pulau Pinang,,Chinese,Teochew,100.46972,5.19844,
Bagan Bukit Tambun,武吉淡汶峇眼,Kampung Bagan,Seberang Perai Selatan,Pulau Pinang,,Chinese,Teochew,100.44417,5.27469,
Sungai Udang,高渊港口,Kampung Bagan,Seberang Perai Selatan,Pulau Pinang,,Chinese,Teochew,100.42786,5.16522,
Berapit,武拉必,Kampung Baru Tradisional,Seberang Perai Tengah,Pulau Pinang,1954,Chinese,"Teochew, Hakka, Hokkien",100.47226,5.38171,
Juru,柔府,Kampung Baru Tradisional,Seberang Perai Tengah,Pulau Pinang,1954,Chinese,Hokkien,100.44358,5.31413,
Machang Bubok,马章武莫,Kampung Baru Tradisional,Seberang Perai Tengah,Pulau Pinang,1954,Chinese,Hakka,100.50816,5.334,
Permatang Tinggi,峇冬丁宜,Kampung Baru Tradisional,Seberang Perai Tengah,Pulau Pinang,1954,Chinese,,100.47851,5.30128,
Sungai Lembu,双溪里武,Kampung Baru Tradisional,Seberang Perai Tengah,Pulau Pinang,1954,Chinese,Hakka,100.52308,5.39026,
Kampung Bahru,甘榜峇汝,Kampung Baru Rangkaian,Seberang Perai Tengah,Pulau Pinang,,Chinese,Hokkien,100.4708,5.3426,
Kampung Selamat,平安村,Kampung Baru Rangkaian,Seberang Perai Utara,Pulau Pinang,,Chinese,Teochew,100.51478,5.50492,
Kepong Ulu,甲洞乌鲁,Kampung Baru Tradisional,Gombak,Selangor,1950,Chinese,,101.63424,3.228,
Kuala Ampang,淡江,Kampung Baru Tradisional,Gombak,Selangor,1951,Chinese,,101.7483,3.16632,
Kundang,根登,Kampung Baru Tradisional,Gombak,Selangor,1951,Chinese,Hakka,101.51326,3.27779,
"Sungai Terentang, Rawang",万挠,Kampung Baru Tradisional,Gombak,Selangor,1951,Chinese,"Hakka, Hokkien",101.58618,3.30892,
Kuang (Stesyen Kuang),轰埠,Kampung Baru Tradisional,Gombak,Selangor,1950,Chinese,Hakka,101.55334,3.25435,
Batu Arang,煤炭山,Kampung Baru Rangkaian,Gombak,Selangor,,Chinese,,101.4702,3.31515,not gazetted or degazetted by Selangor government
Dato' Lee Kim Sai,拿督李金狮村,Kampung Baru Rangkaian,Gombak,Selangor,,Chinese,,101.57717,3.30992,
Desa Aman,太平村,Kampung Baru Rangkaian,Gombak,Selangor,,Chinese,Hokkien,101.59556,3.20443,
Desa Kuala Garing,帝沙瓜拉加冷,Kampung Baru Rangkaian,Gombak,Selangor,,"Chinese, Indian",,101.56327,3.33863,
Kuala Garing Selatan,瓜拉加冷南区,Kampung Baru Rangkaian,Gombak,Selangor,,Chinese,,101.56535,3.31715,
Lim Tan,林旦村,Kampung Baru Rangkaian,Gombak,Selangor,,Chinese,Hokkien,101.57175,3.32661,
Kampung Rajah,甘榜拉惹,Kampung Baru Rangkaian,Gombak,Selangor,,Chinese,Hokkien,101.57342,3.32354,
Rawang Tin,拉旺丁,Kampung Baru Rangkaian,Gombak,Selangor,,Chinese,Hakka,101.57284,3.31815,not gazetted or degazetted by Selangor government
Sri Indah,美丽村,Kampung Baru Rangkaian,Gombak,Selangor,,Chinese,Hakka,101.57574,3.22844,
"Sungai Bakau (A, B dan C)",双溪巴高,Kampung Baru Rangkaian,Gombak,Selangor,,"Chinese, Indian",,101.53074,3.3208,
Sungai Dua,双溪都亚,Kampung Baru Rangkaian,Gombak,Selangor,,Indian,N/A,101.56163,3.31264,not gazetted or degazetted by Selangor government
Ampang,安邦,Kampung Baru Tradisional,Hulu Langat,Selangor,1952,Chinese,Hakka,101.7614,3.13734,
Balakong,无拉港,Kampung Baru Tradisional,Hulu Langat,Selangor,1950,Chinese,Hakka,101.74731,3.02898,
Bangi,万宜,Kampung Baru Tradisional,Hulu Langat,Selangor,1952,Chinese,Hokkien,101.78369,2.90226,
"Batu 9, Cheras",蕉赖九哩,Kampung Baru Tradisional,Hulu Langat,Selangor,1950,Chinese,,101.76884,3.07186,
"Batu 11, Cheras",蕉赖十一哩,Kampung Baru Tradisional,Hulu Langat,Selangor,1950,Chinese,Hokkien,101.77333,3.04572,
"Batu 14, Hulu Langat",呀吃十四哩,Kampung Baru Tradisional,Hulu Langat,Selangor,1950,Chinese,Hakka,101.81436,3.1134,
"Kenangan 18, Hulu Langat (Batu 18, Hulu Langat)",呀吃十八哩,Kampung Baru Tradisional,Hulu Langat,Selangor,1950,Chinese,Hakka,101.82936,3.11606,
Semeyih (Seri Semenyih),士毛月,Kampung Baru Tradisional,Hulu Langat,Selangor,1952,Chinese,Hakka,101.84263,2.95186,
Sungai Chua,锡米山,Kampung Baru Tradisional,Hulu Langat,Selangor,1950,Chinese,Hakka,101.77445,2.99075,
Tarun Broga,打仑武来岸,Kampung Baru Tradisional,Hulu Langat,Selangor,1950,Chinese,Hakka,101.91049,2.93825,
Bukit Angkat,仙水港,Kampung Baru Rangkaian,Hulu Langat,Selangor,,Chinese,Hakka,101.76934,2.99595,
Kwan Tung Baru,关东村,Kampung Baru Rangkaian,Hulu Langat,Selangor,,Chinese,Hakka,101.77682,2.98285,
"Air Panas, Kerling",吉粦（热水湖）,Kampung Baru Tradisional,Hulu Selangor,Selangor,1950,Chinese,Hakka,101.60884,3.5917,
"Asam Kumbang, Kuala Kubu Bharu",新古毛,Kampung Baru Tradisional,Hulu Selangor,Selangor,1950,Chinese,Hakka,101.66428,3.56336,
"Bukit Chandang, Batang Kali",峇东加里,Kampung Baru Tradisional,Hulu Selangor,Selangor,1950,Chinese,Hokkien,101.63937,3.46498,
"Damai, Serendah",双文丹,Kampung Baru Tradisional,Hulu Selangor,Selangor,1950,Chinese,Cantonese,101.5988,3.36448,
"Chuang, Rasa",叻思,Kampung Baru Tradisional,Hulu Selangor,Selangor,1950,Chinese,Hakka,101.63082,3.49422,
"Sejantung, Kalumpang",龙邦,Kampung Baru Tradisional,Hulu Selangor,Selangor,1950,Chinese,Cantonese,101.56994,3.63528,
"Gurney, Ulu Yam Bharu",乌鲁音峇鲁（葛尼新村）,Kampung Baru Tradisional,Hulu Selangor,Selangor,1950,Chinese,,101.66236,3.42198,
Stesyen Hulu Yam Lama,乌鲁音南马,Kampung Baru Tradisional,Hulu Selangor,Selangor,1950,Chinese,Hokkien,101.64142,3.45405,
Kampung Hassan,哈山村,Kampung Baru Rangkaian,Hulu Selangor,Selangor,,"Chinese, Indian",,101.51727,3.67243,
Kilang Papan,板厂村,Kampung Baru Rangkaian,Hulu Selangor,Selangor,,Chinese,,101.53041,3.66973,
"Kampung Menyuruk, Batang Kali",民友路村,Kampung Baru Rangkaian,Hulu Selangor,Selangor,,Chinese,Hokkien,101.63597,3.46848,
"Kampung Datuk Harun, Serendah",哈仑村,Kampung Baru Rangkaian,Hulu Selangor,Selangor,,Chinese,,101.60912,3.36742,
"Kampung Koskan, Serendah",柯士干村,Kampung Baru Rangkaian,Hulu Selangor,Selangor,,Indian,N/A,101.56191,3.35966,
Pandamaran,班达马兰,Kampung Baru Tradisional,Klang,Selangor,1952,Chinese,Hokkien,101.41338,3.00801,
Bagan Hailam,海南村,Kampung Bagan,Klang,Selangor,,Chinese,Hainanese,101.38657,3.00243,
Bagan Sungai Lima,五条港,Kampung Bagan,Klang,Selangor,,Chinese,Hokkien,101.2783,3.03984,
Pulau Ketam,吉胆岛,Kampung Bagan,Klang,Selangor,,Chinese,"Teochew, Hokkien",101.25245,3.0214,
Jenjarom (Sungai Jarum),仁嘉隆,Kampung Baru Tradisional,Kuala Langat,Selangor,1950,Chinese,Hokkien,101.49613,2.87669,
Tanjung Sepat (Tanjung Sepat Indah),丹绒士拔,Kampung Baru Tradisional,Kuala Langat,Selangor,1950,Chinese,"Teochew, Hokkien",101.55989,2.65969,
Ijok Baru,依约,Kampung Baru Tradisional,Kuala Selangor,Selangor,1951,Chinese,Hokkien,101.41404,3.3161,
Batang Berjuntai (Bestari Jaya),八丁燕带,Kampung Baru Tradisional,Kuala Selangor,Selangor,1956,Chinese,,101.40717,3.37795,
Tiram Setia,峇东,Kampung Baru Tradisional,Kuala Selangor,Selangor,1958,Chinese,Hokkien,101.24703,3.42652,
Bagan Pasir,峇眼巴西,Kampung Bagan,Kuala Selangor,Selangor,,Chinese,Hokkien,101.17098,3.40143,
Bagan Pasir Penambang,巴西不南邦,Kampung Bagan,Kuala Selangor,Selangor,,Chinese,Hokkien,101.25268,3.34753,
Bagan Sasaran (Sungai Buloh),沙沙兰,Kampung Bagan,Kuala Selangor,Selangor,,Chinese,,101.30479,3.25878,
Bagan Sungai Janggut,双溪章谷（胡须港）,Kampung Bagan,Kuala Selangor,Selangor,,Chinese,Hokkien,101.31047,3.17327,
Bagan Sungai Kajang,双溪加江,Kampung Bagan,Kuala Selangor,Selangor,,Chinese,Hokkien,101.16918,3.40163,
Bagan Sungai Tengkorak,东姑腊,Kampung Bagan,Kuala Selangor,Selangor,,Chinese,Teochew,101.13439,3.4491,
Bagan Sungai Yu Baru,双溪由,Kampung Bagan,Kuala Selangor,Selangor,,Chinese,Hokkien,101.24805,3.35389,
"Batu 14, Puchong",蒲种十四哩,Kampung Baru Tradisional,Petaling,Selangor,1950,Chinese,"Hakka, Cantonese",101.62313,2.9943,
Damansara (Seri Damansara),白沙罗,Kampung Baru Tradisional,Petaling,Selangor,1950,Chinese,,101.63248,3.12952,
Seri Kembangan (Serdang),史里肯邦安（沙登）,Kampung Baru Tradisional,Petaling,Selangor,1950,Chinese,Hakka,101.70299,3.02523,
Seri Setia (Sungai Way),双溪威,Kampung Baru Tradisional,Petaling,Selangor,1950,Chinese,,101.61789,3.08941,
Subang (Seri Subang),梳邦,Kampung Baru Tradisional,Petaling,Selangor,1950,Chinese,Hakka,101.53612,3.14302,
Sungai Buloh (Seri Sungai Buloh),双溪毛糯,Kampung Baru Tradisional,Petaling,Selangor,1950,Chinese,,101.56506,3.19784,
Kampung Cempaka,千百家村,Kampung Baru Rangkaian,Petaling,Selangor,,Chinese,Cantonese,101.59855,3.11727,
Sekinchan Site A (Kian Sit),适耕庄Ａ村（垦殖村）,Kampung Baru Tradisional,Sabak Bernam,Selangor,1951,Chinese,Hokkien,101.142,3.52626,
Sekinchan Site B,适耕庄Ｂ村,Kampung Baru Tradisional,Sabak Bernam,Selangor,1951,Chinese,"Hakka, Cantonese",101.10771,3.50304,
Sekinchan Site C,适耕庄Ｃ村,Kampung Baru Tradisional,Sabak Bernam,Selangor,1951,Chinese,Hokkien,101.10025,3.5138,
Bagan Beting Kepah,文丁哥坝,Kampung Bagan,Sabak Bernam,Selangor,,Chinese,Teochew,100.82786,3.78733,
Bagan Nakhoda Omar (Simpang BNO),乌暹,Kampung Bagan,Sabak Bernam,Selangor,,Chinese,Teochew,100.87623,3.76979,
Bagan Parit Baru,新沟,Kampung Bagan,Sabak Bernam,Selangor,,Chinese,Teochew,100.84521,3.84536,
Bagan Sekinchan,适耕庄海口渔村,Kampung Bagan,Sabak Bernam,Selangor,,Chinese,Teochew,101.09722,3.50324,
Bagan Sungai Besar,大港,Kampung Bagan,Sabak Bernam,Selangor,,Chinese,Teochew,100.98175,3.6716,
Bagan Sungai Burung,双武隆,Kampung Bagan,Sabak Bernam,Selangor,,Chinese,Teochew,100.93593,3.6926,
Bagan Sungai Lang,水柳头,Kampung Bagan,Sabak Bernam,Selangor,,Chinese,Teochew,100.82772,3.84477,
Bagan Sungai Pulai,浅顶,Kampung Bagan,Sabak Bernam,Selangor,,Chinese,Teochew,100.91954,3.72647,
Bagan Teluk Rhu,德古鲁,Kampung Bagan,Sabak Bernam,Selangor,,Chinese,Teochew,100.83381,3.78574,
Dengkil (Seri Dengkil),龙溪,Kampung Baru Tradisional,Sepang,Selangor,1950,Chinese,Hokkien,101.67971,2.86067,
Salak,沙叻,Kampung Baru Tradisional,Sepang,Selangor,1952,Chinese,Hainanese,101.75158,2.7833,
Sepang (Sepang Jaya),雪邦,Kampung Baru Tradisional,Sepang,Selangor,1950,Chinese,Foochow,101.74843,2.68731,
Sungai Pelek (Seri Sungai Pelek),双溪比力,Kampung Baru Tradisional,Sepang,Selangor,1950,Chinese,Foochow,101.71227,2.64212,
Batu Satu,一支港,Kampung Baru Rangkaian,Sepang,Selangor,,Chinese,Hokkien,101.73828,2.68429,not gazetted or degazetted by Selangor government
Batu Lima,龙运五哩,Kampung Baru Tradisional,Dungun,Terengganu,1950,Chinese,,103.4169,4.71524,
Air Jernih,亚依仁耐,Kampung Baru Tradisional,Kemaman,Terengganu,1954,Chinese,Hainanese,103.39552,4.4083,
Pulai Baru,蒲莱,Kampung Baru Tradisional,Kuala Nerus,Terengganu,1953,Chinese,Hakka,103.0585,5.37369,
Kuala Sedili,瓜拉素里里,Kampung Baru Rangkaian,Kota Tinggi,Johor,,Chinese,,104.12154,1.92721,degazetted 2022
Batu 28 Lenga,岭嘉28哩,Kampung Baru Tradisional,Muar,Johor,,Malay,N/A,102.83381,2.25008,not gazetted by KPKT
Simpang Empat,新邦安拔,Kampung Baru Tradisional,Baling,Kedah,,Siamese,N/A,100.93359,5.67581,not gazetted by KPKT
Kenaboi,枧唐尾,Kampung Baru Tradisional,Jelebu,Negeri Sembilan,,Malay,N/A,102.07331,3.09058,not gazetted by KPKT
Simpang Durian,新邦榴梿,Kampung Baru Tradisional,Jelebu,Negeri Sembilan,,Malay,N/A,102.22268,3.10159,not gazetted by KPKT
Sungai Buloh,双溪毛糯,Kampung Baru Tradisional,Jelebu,Negeri Sembilan,,Malay,N/A,102.24271,3.10876,not gazetted by KPKT
Gemeti,哥猛狄,Kampung Baru Tradisional,Bentong,Pahang,,Malay,N/A,101.90998,3.49976,not gazetted by KPKT
Kampung Bikam,甘榜美金,Kampung Baru Tradisional,Batang Padang,Perak,,Malay,N/A,101.29299,4.04579,not gazetted by KPKT
Ayer Hitam,阿依淡,Kampung Baru Tradisional,Hilir Perak,Perak,,Malay,N/A,101.20285,4.0205,not gazetted by KPKT
"Batu 8, Changkat Jong",曾吉容八英里,Kampung Baru Tradisional,Hilir Perak,Perak,,Malay,N/A,101.12225,3.98244,not gazetted by KPKT
Balik Bukit,巴力武吉,Kampung Baru Tradisional,Kerian,Perak,,Malay,N/A,100.67061,4.95647,not gazetted by KPKT
Kampung Selamat,甘榜司南末,Kampung Baru Tradisional,Kerian,Perak,,Malay,N/A,100.68813,4.98596,not gazetted by KPKT
Pasir Puteh Baru,新和园,Kampung Baru Tradisional,Kinta,Perak,,Chinese,,101.07967,4.56707,not gazetted by KPKT
Bagan Baharu,峇眼峇汝,Kampung Baru Tradisional,Larut Matang,Perak,,Malay,N/A,100.75099,5.13541,not gazetted by KPKT
Sungai Dendang,双溪任浪,Kampung Baru Tradisional,Larut Matang,Perak,,Malay,N/A,100.71121,5.16909,not gazetted by KPKT
