Code,Name,Name_Chinese,Address,Postcode,City,State,District_Education_Office,Established,X,Y
AEB0038,SEKOLAH MENENGAH KEBANGSAAN CHOONG HUA,美罗中华国民型华文中学,JALAN PASAR,35500,BIDOR,PERAK,PPD BATANG PADANG,31/12/1955,101.2856512,4.11133002
AEB1031,SEKOLAH MENENGAH KEBANGSAAN NAN HWA,实兆远南华国民型华文中学,JALAN LIN CHEN MEI,32000,SITIAWAN,PERAK,PPD MANJUNG,24/11/1935,100.6998911,4.203540982
AEB1033,SEKOLAH MENENGAH KEBANGSAAN DINDINGS,天定国民型华文中学,PUNDUT,32200,LUMUT,PERAK,PPD MANJUNG,1/1/1960,100.636654,4.211425
AEB1034,SEKOLAH MENENGAH KEBANGSAAN AYER TAWAR,爱大华国民型华文中学,JALAN PASAR,32400,AYER TAWAR,PERAK,PPD MANJUNG,2/1/1961,100.7567902,4.296246886
AEB2051,SEKOLAH MENENGAH KEBANGSAAN PEREMPUAN PERAK,霹雳女子国民型华文中学,NO.247 JLN RAJA PERMAISURI BAINUN,30250,IPOH,PERAK,PPD KINTA UTARA,1/1/1956,101.096157,4.582129
AEB2052,SEKOLAH MENENGAH KEBANGSAAN AVE MARIA CONVENT,怡保圣母玛利亚国民型华文中学,JLN CHUNG THYE PHIN,30250,IPOH,PERAK,PPD KINTA UTARA,1/1/1938,101.08782,4.589912
AEB2053,SEKOLAH MENENGAH KEBANGSAAN SAM TET,怡保三德国民型华文中学,NO.5 JALAN GEREJA,30300,IPOH,PERAK,PPD KINTA UTARA,1/1/1952,101.089485,4.594415
AEB2054,SEKOLAH MENENGAH KEBANGSAAN POI LAM,怡保培南国民型华文中学,"4, JALAN SRI KLEBANG D/2, BANDAR BARU SRI KLEBANG",31200,CHEMOR,PERAK,PPD KINTA UTARA,1/1/1955,101.117748,4.69107
AEB2055,SEKOLAH MENENGAH KEBANGSAAN YUK CHOY,怡保育才国民型华文中学,NO 6 JLN KUALA KANGSAR,30010,IPOH,PERAK,PPD KINTA UTARA,10/6/1937,101.077716,4.613052
AEB2065,SEKOLAH MENENGAH KEBANGSAAN YUK KWAN,华都牙也育群国民型华文中学,9 JALAN KELAB,31000,BATU GAJAH,PERAK,PPD KINTA SELATAN,1/1/1911,101.039588,4.467271
AEB3042,SEKOLAH MENENGAH KEBANGSAAN KRIAN,吉辇国民型华文中学,JALAN SEKOLAH,34200,PARIT BUNTAR,PERAK,PPD KERIAN,1/4/1960,100.4793223,5.127609159
AEB4073,SEKOLAH MENENGAH KEBANGSAAN TSUNG WAH,江沙崇华国民型华文中学,"66-B,JLN DATO SAGOR",33000,KUALA KANGSAR,PERAK,PPD KUALA KANGSAR,1/1/1956,100.9259874,4.770887396
AEB4076,SEKOLAH MENENGAH KEBANGSAAN SHING CHUNG,和丰兴中国民型华文中学,JALAN BESAR,31100,SUNGAI SIPUT (U),PERAK,PPD KUALA KANGSAR,1/2/1912,101.085419,4.809957
AEB5170,SEKOLAH MENENGAH KEBANGSAAN SAN MIN,安顺三民国民型华文中学,"LOT 1146,JALAN MERBOK",36000,TELUK INTAN,PERAK,PPD HILIR PERAK,31/12/1957,101.026944,4.005761
AEB6054,SEKOLAH MENENGAH KEBANGSAAN HUA LIAN,太平华联国民型华文中学,NO 10 JLN LUMBA KUDA,34008,TAIPING,PERAK,PPD LARUT/MATANG/SELAMA,1/1/1962,100.7517344,4.861010834
AEB9002,SEKOLAH MENENGAH KEBANGSAAN PEI YUAN,金宝培元国民型华文中学,NO 9 JALAN KUALA DIPANG,31900,KAMPAR,PERAK,PPD KINTA SELATAN,1/1/1962,101.155109,4.31915
AEBA002,SEKOLAH MENENGAH KEBANGSAAN KATHOLIK,丹绒马林公教国民型华文中学,JALAN SLIM LAMA,35900,TANJONG MALIM,PERAK,PPD MUALLIM,1/1/1961,101.52532,3.692033
BEB0100,SEKOLAH MENENGAH KEBANGSAAN CHUNG HWA,巴生中华国民型华文中学,"1, JALAN NAGASARI 36/10, SEKSYEN 36",40470,SHAH ALAM,SELANGOR,PPD KLANG,1/12/1912,101.487304,3.024236
BEB0103,SEKOLAH MENENGAH KEBANGSAAN KWANG HUA,巴生光华国民型华文中学,TAMAN ENG ANN,41150,KLANG,SELANGOR,PPD KLANG,26/12/1955,101.459421,3.064536
BEB4070,SEKOLAH MENENGAH KEBANGSAAN YU HUA,加影育华国民型华文中学,JALAN LOW TI KOK,43000,KAJANG,SELANGOR,PPD HULU LANGAT,1/1/1918,101.791168,2.995997
BEB6047,SEKOLAH MENENGAH KEBANGSAAN YOKE KUAN,适耕庄育群国民型华文中学,JALAN SEKOLAH,45400,SEKINCHAN,SELANGOR,PPD SABAK BERNAM,1/1/1959,101.1025751,3.511549704
BEB8653,SEKOLAH MENENGAH KEBANGSAAN KATHOLIK,八打灵公教国民型华文中学,JALAN 10/3,46000,PETALING JAYA,SELANGOR,PPD PETALING UTAMA,1/1/1956,101.651843,3.107431
CEB0020,SEKOLAH MENENGAH KEBANGSAAN KATHOLIK,文冬公教国民型华文中学,"D/A SMK KATHOLIK, JALAN KETARI",28700,BENTONG,PAHANG,PPD BENTONG,14/1/1957,101.9138778,3.519048245
CEB0021,SEKOLAH MENENGAH KEBANGSAAN KHAI MUN,文冬启文国民型华文中学,CHAMANG BARU,28700,BENTONG,PAHANG,PPD BENTONG,10/5/1961,101.8988238,3.531907102
CEB3039,SEKOLAH MENENGAH KEBANGSAAN CHUNG HWA,立卑中华国民型华文中学,JALAN DATO' MAHMUD SG.KERPAN,27200,KUALA LIPIS,PAHANG,PPD LIPIS,1/1/1961,102.0465515,4.186367326
CEB4036,SEKOLAH MENENGAH KEBANGSAAN TANAH PUTEH,丹那布爹国民型华文中学,JALAN TANAH PUTIH,25100,KUANTAN,PAHANG,PPD KUANTAN,31/12/1952,103.3144754,3.793854381
CEB6029,SEKOLAH MENENGAH KEBANGSAAN CHUNG CHING,劳勿中竞国民型华文中学,JALAN PEKELILING,27600,RAUB,PAHANG,PPD RAUB,1/1/1924,101.8555268,3.797966442
CEB7071,SEKOLAH MENENGAH KEBANGSAAN HWA LIAN,文德甲华联国民型华文中学,JALAN KARAK,28400,MENTAKAB,PAHANG,PPD TEMERLOH,1/8/1958,102.3389573,3.481967763
CEBA072,SEKOLAH MENENGAH KEBANGSAAN TRIANG,直凉国民型华文中学,JALAN MENGKUANG,28300,TRIANG,PAHANG,PPD BERA,1/1/1951,102.4216045,3.251365188
DEB1138,SEKOLAH MENENGAH KEBANGSAAN CHUNG CHENG,哥打巴鲁中正国民型华文中学,JALAN KELOCOR,15300,KOTA BHARU,KELANTAN,PPD KOTA BHARU,23/5/1956,102.241,6.13733
DEB1139,SEKOLAH MENENGAH KEBANGSAAN CHUNG HWA,哥打巴鲁中华国民型华文中学,JALAN ATAS BANGGOL,15300,KOTA BHARU,KELANTAN,PPD KOTA BHARU,17/2/1918,102.238427,6.137610605
JEB4045,SEKOLAH MENENGAH KEBANGSAAN PAI CHEE,丰盛港培智国民型华文中学,JALAN MESJID,86800,MERSING,JOHOR,PPD MERSING,1/1/1959,103.8419814,2.424972881
JEB7030,SEKOLAH MENENGAH KEBANGSAAN SEG HWA,昔加末昔华国民型华文中学,JALAN TAHANG RIMAU,85000,SEGAMAT,JOHOR,PPD SEGAMAT,1/1/1950,102.8008028,2.520673952
JEA9012,SEKOLAH MENENGAH KEBANGSAAN PEI HWA,利丰港培华国民型华文中学,PEKAN SUNGAI MATI,84400,SUNGAI MATI,JOHOR,PPD TANGKAK,1/1/1929,102.5643762,2.147555397
KEB2094,SEKOLAH MENENGAH KEBANGSAAN KEAT HWA 1,亚罗士打吉华国民型华文中学,JALAN KUALA KEDAH,5400,ALOR SETAR,KEDAH,PPD KOTA SETAR,1/1/1911,100.3575566,6.095046814
KEB3051,SEKOLAH MENENGAH KEBANGSAAN SIN MIN,双溪大年新民国民型华文中学,JALAN PEGAWAI,8000,SUNGAI PETANI,KEDAH,PPD KUALA MUDA,1/1/1957,100.4860204,5.653463845
KEB5025,SEKOLAH MENENGAH KEBANGSAAN CHIO MIN,居林觉民国民型华文中学,JALAN KELANG SAGO,9000,KULIM,KEDAH,PPD KULIM/BANDAR BAHARU,10/5/1957,100.551589,5.374025
KEA2097,SEKOLAH MENENGAH KEBANGSAAN KEAT HWA 2,亚罗士打吉华国民型华文中学二校,"TAMAN SERI ABADI, JALAN KUALA KEDAH",6600,ALOR SETAR,KEDAH,PPD KOTA SETAR,1/1/1985,100.3365134,6.10325067
MEB0078,SEKOLAH MENENGAH KEBANGSAAN PULAU SEBANG,普罗士邦国民型华文中学,PULAU SEBANG,73000,TAMPIN POS,MELAKA,PPD ALOR GAJAH,11/12/1962,102.227,2.46883
MEB2099,SEKOLAH MENENGAH KEBANGSAAN KATHOLIK,马六甲公教国民型华文中学,251 JLN GAJAH BERANG,75200,MELAKA,MELAKA,PPD MELAKA TENGAH,4/1/1958,102.2425414,2.206585271
MEB2100,SEKOLAH MENENGAH KEBANGSAAN NOTRE DAME CONVENT,马六甲圣母国民型华文中学,"265,JLN GAJAH BERANG",75200,MELAKA,MELAKA,PPD MELAKA TENGAH,1/1/1960,102.2425669,2.207050289
MEB2101,SEKOLAH MENENGAH KEBANGSAAN YOK BIN,马六甲育民国民型华文中学,"19-21,JLN. AIR LELEH",75050,MELAKA,MELAKA,PPD MELAKA TENGAH,1/1/1957,102.264,2.19683
MEB2104,SEKOLAH MENENGAH KEBANGSAAN TINGGI CINA MELAKA,马六甲华文国民型高等中学,28 JLN MALIM,75250,MELAKA,MELAKA,PPD MELAKA TENGAH,15/2/1960,102.2368656,2.220658503
NEB1083,SEKOLAH MENENGAH KEBANGSAAN CHUNG HUA,瓜拉庇劳中华国民型华文中学,KM2 JLN TAMPIN,72000,KUALA PILAH,NEGERI SEMBILAN,PPD KUALA PILAH,1/1/1963,102.249,2.73304
NEB4094,SEKOLAH MENENGAH KEBANGSAAN CHAN WA,芙蓉振华国民型华文中学,219-220 JALAN TEMIANG,70200,SEREMBAN,NEGERI SEMBILAN,PPD SEREMBAN,21/2/1918,101.9389966,2.740248709
NEB6001,SEKOLAH MENENGAH KEBANGSAAN CHI WEN,马口启文国民型华文中学,JALAN RAJA MUDA SERTING,72100,BAHAU,NEGERI SEMBILAN,PPD JEMPOL/JELEBU,1/1/1948,102.404,2.80952
NEA4119,SEKOLAH MENENGAH KEBANGSAAN CHAN WA II,芙蓉振华二校国民型华文中学,TAMAN BUKIT GALENA,70200,SEREMBAN,NEGERI SEMBILAN,PPD SEREMBAN,2/1/2005,101.903692,2.738099
PEA2056,SEKOLAH MENENGAH KEBANGSAAN CHUNG LING BUTTERWORTH,北海锺灵国民型华文中学,JLN ONG YI HOW,13400,BUTTERWORTH,PULAU PINANG,PPD SEBERANG PERAI UTARA,6/1/1986,100.393,5.43394
PEA4011,SEKOLAH MENENGAH KEBANGSAAN JIT SIN II,威南日新国民型华文中学,"LOT 1340,MUKIM 15",14120,SEBERANG PERAI SELATAN,PULAU PINANG,PPD SEBERANG PRAI SELATAN,1/1/2017,100.514526,5.273029
PEB0045,SEKOLAH MENENGAH KEBANGSAAN JIT SIN,大山脚奕南园日新国民型华文中学,"JLN BINJAI, TMN SRI RAMBAI",14000,BUKIT MERTAJAM,PULAU PINANG,PPD SEBERANG PRAI TENGAH,3/2/1918,100.446,5.34357
PEB1093,SEKOLAH MENENGAH KEBANGSAAN PEREMPUAN CHINA PULAU PINANG,槟华女子国民型华文中学,"2, JALAN GOTTLIEB",10350,GEORGETOWN,PULAU PINANG,PPD TIMUR LAUT,8/3/1920,100.302,5.4336
PEB1095,SEKOLAH MENENGAH KEBANGSAAN CHUNG HWA CONFUCIAN,孔圣庙中华国民型华文中学,"2, PESIARAN TEMBAGA",11600,GEORGETOWN,PULAU PINANG,PPD TIMUR LAUT,19/3/1904,100.301,5.39083
PEB1096,SEKOLAH MENENGAH KEBANGSAAN CHUNG LING,锺灵国民型华文中学,KAMPUNG BARU,11400,GEORGE TOWN,PULAU PINANG,PPD TIMUR LAUT,9/2/1917,100.2953,5.403758
PEB1103,SEKOLAH MENENGAH KEBANGSAAN HENG EE,恒毅国民型华文中学,99 JALAN HAMILTON,11600,GEORGE TOWN,PULAU PINANG,PPD TIMUR LAUT,1/1/1967,100.3093694,5.401455556
PEB1108,SEKOLAH MENENGAH KEBANGSAAN PHOR TAY,菩提国民型华文中学,"731, JALAN SUNGAI DUA",11700,GELUGOR,PULAU PINANG,PPD TIMUR LAUT,1/1/1954,100.296616,5.343136
PEB1113,SEKOLAH MENENGAH KEBANGSAAN UNION,协和国民型华文中学,132 JALAN YORK,10450,GEORGETOWN,PULAU PINANG,PPD TIMUR LAUT,1/1/1928,100.3025667,5.415080556
PEB3036,SEKOLAH MENENGAH KEBANGSAAN SACRED HEART,圣心国民型华文中学,JALAN BESAR,11000,BALIK PULAU,PULAU PINANG,PPD BARAT DAYA,1/1/1955,100.237,5.3523
PEB1098,SEKOLAH MENENGAH KEBANGSAAN CONVENT DATUK KERAMAT,柑仔园修道院国民型华文中学,"421, JALAN DATUK KERAMAT",10150,GEORGETOWN,PULAU PINANG,PPD TIMUR LAUT,1/1/1947,100.3178417,5.412291667
REB0058,SEKOLAH MENENGAH KEBANGSAAN PERLIS,玻璃市国民型华文中学,JLN RAJA SYED ALWI,1000,KANGAR,PERLIS,JPN PERLIS,1/1/1960,100.198,6.43061
TEB3093,SEKOLAH MENENGAH KEBANGSAAN CHUNG HWA WEI SIN,登嘉楼中华维新国民型华文中学,JALAN BUKIT KECIL,21100,KUALA TERENGGANU,TERENGGANU,PPD KUALA TERENGGANU,1/1/1958,103.136,5.3188
WEB0212,SEKOLAH MENENGAH KEBANGSAAN CONFUCIAN,吉隆坡尊孔国民型华文中学,LORONG HANG JEBAT,50150,KUALA LUMPUR,WILAYAH PERSEKUTUAN KUALA LUMPUR,PPW BANGSAR PUDU,11/1/1906,101.699677,3.14424
WEB0247,SEKOLAH MENENGAH KEBANGSAAN CHONG HWA,吉隆坡中华国民型华文中学,JALAN GOMBAK,53000,KUALA LUMPUR,WILAYAH PERSEKUTUAN KUALA LUMPUR,PPW SENTUL,21/3/1919,101.7048517,3.199004586
XFE1021,SEKOLAH MENENGAH KEBANGSAAN KEN HWA,根地咬根华国民型华文中学,PETI SURAT 55,89007,KENINGAU,SABAH,PPD KENINGAU,1/5/1967,116.14781,5.35297
XFE1306,SEKOLAH MENENGAH KEBANGSAAN CHUNG HWA,丹南中华国民型华文中学,PETI SURAT 10,89907,TENOM,SABAH,PPD TENOM,1/1/1950,115.94663,5.1282
XFE2032,SEKOLAH MENENGAH KEBANGSAAN TIONG HUA,山打根中华国民型华文中学,PETI SURAT 407,90704,SANDAKAN,SABAH,PPD SANDAKAN,1/2/1956,118.10469,5.85987
XFE2054,SEKOLAH MENENGAH KEBANGSAAN SUNG SIEW,山打根双修国民型华文中学,PETI SURAT 12,90700,SANDAKAN,SABAH,PPD SANDAKAN,4/9/1907,118.11161,5.84453
XFE4021,SEKOLAH MENENGAH KEBANGSAAN TINGGI KOTA KINABALU,亚庇中学,PETI SURAT 10224,88802,KOTA KINABALU,SABAH,PPD KOTA KINABALU,1/1/1949,116.0714239,5.946539442
XFE4027,SEKOLAH MENENGAH KEBANGSAAN LOK YUK LIKAS,里卡士乐育国民型华文中学,PETI SURAT 10352,88803,KOTA KINABALU,SABAH,PPD KOTA KINABALU,1/2/1934,116.09997,5.98761
XFE4045,SEKOLAH MENENGAH KEBANGSAAN SHAN TAO,亚庇善导国民型华文中学,PETI SURAT 11080,88811,KOTA KINABALU,SABAH,PPD KOTA KINABALU,1/1/1963,116.1018893,5.982966623
XFE5036,SEKOLAH MENENGAH KEBANGSAAN LOK YUK KUDAT,古达乐育国民型华文中学,PETI SURAT 182,89058,KUDAT,SABAH,PPD KUDAT,1/1/1968,116.8472,6.89403
YFB1201,SEKOLAH MENENGAH KEBANGSAAN TINGGI KUCHING,古晋中学（国民型）,JALAN MATHIE,93100,KUCHING,SARAWAK,PPD KUCHING,1/1/1963,110.3494,1.554516667
YFB3104,SEKOLAH MENENGAH KEBANGSAAN TIONG HIN,诗巫中兴国民型华文中学,"JALAN IGAN, SG. MERAH",96000,SIBU,SARAWAK,PPD SIBU,1/1/1939,111.8386667,2.3289
YFB3105,SEKOLAH MENENGAH KEBANGSAAN TUNG HUA,诗巫敦化国民型华文中学,"JALAN TUN ABANG HAJI OPENG, PETI SURAT 64",96007,SIBU,SARAWAK,PPD SIBU,1/1/1934,111.8302667,2.30965
YFB3106,SEKOLAH MENENGAH KEBANGSAAN CHUNG HUA,诗巫中华国民型华文中学,JLN LANANG,96000,SIBU,SARAWAK,PPD SIBU,1/8/1916,111.8449333,2.271183333
YFB3201,SEKOLAH MENENGAH KEBANGSAAN CHUNG CHENG,诗巫中正国民型华文中学,PETI SURAT 1360,96008,SIBU,SARAWAK,PPD SIBU,1/1/1958,111.772829,2.2444722
YFB3203,SEKOLAH MENENGAH KEBANGSAAN KWONG HUA MIDDLE,诗巫光华国民型华文中学,PETI SURAT 1063,96008,SIBU,SARAWAK,PPD SIBU,1/1/1931,111.8031541,2.2444159
YFB4101,SEKOLAH MENENGAH KEBANGSAAN CHUNG HUA,美里中华国民型华文中学,"PETI SURAT 116, JLN BRIGHTON",98007,MIRI,SARAWAK,PPD MIRI,1/1/1953,113.9777167,4.3782
YFB6101,SEKOLAH MENENGAH KEBANGSAAN TINGGI SARIKEI,泗里街高级中学,PETI SURAT 78,96107,SARIKEI,SARAWAK,PPD SARIKEI,1/1/1939,111.52595,2.089083333
YFB6301,SEKOLAH MENENGAH KEBANGSAAN KAI CHUNG,民丹莪开中国民型华文中学,PETI SURAT 100,96507,BINTANGOR,SARAWAK,PPD MERADONG,1/1/1952,111.6372734,2.165669684
YFB6302,SEKOLAH MENENGAH KEBANGSAAN TONG HUA,民丹莪东华国民型华文中学,"D/A PEJABAT PENDIDIKAN DAERAH MERADONG, JALAN BERJAYA",96500,BINTANGOR,SARAWAK,PPD MERADONG,1/1/1947,111.738124,2.154229
