Code,Name,Name_Chinese,Address,Postcode,City,State,District_Education_Office,Established,X,Y
APF1006,SEKOLAH MENENGAH YIK CHING (PERSENDIRIAN),班台育青中学,PANTAI REMIS,34900,PANTAI REMIS,PERAK,,,100.63316,4.449587
APF1009,SEKOLAH TINGGI NAN HWA (PERSENDIRIAN),曼绒南华独立中学,"LOT 2446, KG. SUNGAI WANGI",32400,AYER TAWAR,PERAK,,12/01/1936,100.725939,4.258175
APF2002,SEKOLAH MENENGAH POI LAM (PERSENDIRIAN),怡保培南中学,"LOT NO. 18274, JALAN SIMPANG PULAI PENGKALAN",31500,LAHAT,PERAK,,,101.073388,4.52435
APF2004,SEKOLAH MENENGAH SHEN JAI (PERSENDIRIAN),怡保深斋中学,"LOT NO.6452, 8225,MUKIM SUNGAI RAIA DAERAH KINTA, OFF JALAN GOPENG",31300,IPOH,PERAK,,,101.112402,4.549612
APF2007,SEKOLAH MENENGAH YUK CHOY (SUWA),霹雳育才独立中学,"NO. 2, HALA JATI MERU 29, JELAPANG",30020,IPOH,PERAK,,,101.072647,4.639772
APF4005,SEKOLAH MENENGAH TSUNG WAH (PERSENDIRIAN),江沙崇华独立中学,LOT 2366 JLN. SULTAN ISKANDAR SHAH,33000,KUALA KANGSAR,PERAK,,,100.923448,4.758701
APF5003,SEKOLAH MENENGAH SAN MIN (PERSENDIRIAN),安顺三民独立中学,JALAN SUNGAI NIBONG,36000,TELUK INTAN,PERAK,,,101.033446,4.018348
APF6008,SEKOLAH TINGGI HUA LIAN (PERSENDIRIAN),太平华联中学,NO. 2 JALAN TOKONG,34000,TAIPING,PERAK,,,100.744459,4.852682
APF9001,SEKOLAH MENENGAH PEI YUAN (PERSENDIRIAN),金宝培元独立中学,NO. 9 JALAN KUALA DIPANG,31900,KAMPAR,PERAK,,,101.1535,4.318929
BPCA001,SEKOLAH MENENGAH PERSENDIRIAN KWANG HUA KLANG,巴生光华独立中学,"NO.1, JALAN 17, KAW. 17, TAMAN ENG ANN",41150,KLANG,SELANGOR,,21/02/1954,101.458289,3.063593
BPCA002,SEKOLAH MENENGAH PIN HWA,巴生滨华中学,NO. 13 JALAN GOH HOCK HUAT,41400,KLANG,SELANGOR,,,101.444878,3.053036
BPCA003,SEKOLAH MENENGAH HIN HUA,巴生兴华中学,NO. 141 PERSIARAN RAJA MUDA MUSA,41200,KLANG,SELANGOR,,,101.439468,3.033403
BPCA004,SEKOLAH MENENGAH PERSENDIRIAN CINA CHUNG HUA,巴生中华独立中学,"NO. 129, JALAN KOTA RAJA",41000,KLANG,SELANGOR,,,101.452844,3.036702
CGAE002,SEKOLAH MENENGAH CHONG HWA,关丹中华中学,BUNUT RENDANG JALAN KUANTAN-PEKAN,25150,KUANTAN,PAHANG,,,103.282282,3.761422
DPC1001,SEKOLAH MENENGAH PERSENDIRIAN CHUNG HWA,吉兰丹中华独立中学,LOT 1614 KOK LANAS,16450,KETEREH,KELANTAN,,,102.248327,5.924207
JPCA001,SEKOLAH MENENGAH CINA BATU PAHAT,峇株吧辖华仁中学,JALAN TANJUNG LABUH,83000,BATU PAHAT,JOHOR,,,102.94811,1.83487
JPCA002,SEKOLAH MENENGAH CHONG HWA RENGIT,新文龙中华中学,JALAN BESAR RENGIT,83100,RENGIT,JOHOR,,,103.14443,1.68198
JPCA003,SEKOLAH MENENGAH CINA YONG PENG,永平中学,JALAN SEKOLAH CINA,83700,YONG PENG,JOHOR,,,103.0626,2.01414
JPCB001,SM FOON YEW JOHOR BAHRU,新山宽柔中学,59-C JALAN IBRAHIM SULTAN,80300,JOHOR BAHRU,JOHOR,,,103.77875,1.46881
JPCB001,SM FOON YEW JOHOR BAHRU - KULAI,宽柔中学古来分校,,81000,KULAI,JOHOR,,,103.61579,1.61891
JPCB001,SM FOON YEW JOHOR BAHRU - SERI ALAM,宽柔中学至达城分校,,81750,MASAI,JOHOR,,,103.882371,1.530109
JPCC001,SEKOLAH MENENGAH CHONG HWA KLUANG,居銮中华中学,JALAN SEKOLAH CHONG HWA,86000,KLUANG,JOHOR,,,103.326072,2.02715
JPCF001,SEKOLAH MENENGAH PERSENDIRIAN PEI HWA,利丰港培华独立中学,NO.53 JALAN SEROM,84400,SUNGAI MATI,JOHOR,,,102.56354,2.15136
JPCF002,SEKOLAH TINGGI CHUNG HWA MUAR,麻坡中化中学,NO 14 JALAN JUNID,84000,MUAR,JOHOR,,,102.55426,2.03956
JPCG001,SEKOLAH MENENGAH PEI CHUN PONTIAN,笨珍培群独立中学,PONTIAN BESAR,82000,PONTIAN,JOHOR,,,103.38519,1.50344
KPC2001,SEKOLAH MENENGAH KEAT HWA (PERSENDIRIAN),亚罗士打吉华独立中学,"500, JALAN TERATAI, OFF JALAN PEGAWAI",5050,ALOR SETAR,KEDAH,,,100.355052,6.104493
KPC2002,SEKOLAH MENENGAH SIN MIN (PERSENDIRIAN) ALOR SETAR,亚罗士打新民独立中学,"JALAN ALOR MENGKUDU, MUKIM DERGA",5400,ALOR SETAR,KEDAH,,,100.386419,6.091218
KPC3001,SEKOLAH MENENGAH SIN MIN (PERSENDIRIAN) SG. PETANI,双溪大年新民独立中学,"LOT 12233, FASA 2, TAMAN KELADI",8000,SUNGAI PETANI,KEDAH,,,100.510761,5.611907
MGC2135,SEKOLAH MENENGAH PAY FONG,马六甲培风中学,"40, JALAN TAN CHAY YAN / JALAN DATUK SIM MOW YU",75300,MELAKA,MELAKA,,,102.243987,2.201417
NPC2001,SEKOLAH MENENGAH CHUNG HUA PORT DICKSON,波德申中华中学,PETI SURAT 29,71000,PORT DICKSON,NEGERI SEMBILAN,,,101.794419,2.528522
NPC4001,SEKOLAH TINGGI CHUNG HUA SEREMBAN,芙蓉中华中学,JALAN TUN DR. ISMAIL,70200,SEREMBAN,NEGERI SEMBILAN,,,101.933175,2.736329
PPCA001,SEKOLAH MENENGAH JIT SIN (PERSENDIRIAN),大山脚日新独立中学,JALAN CHE BEE NOOR,14000,BUKIT MERTAJAM,PULAU PINANG,,,100.464354,5.363619
PPCB001,SEKOLAH MENENGAH CHUNG LING (PERSENDIRIAN),槟城锺灵独立中学,KAMPUNG BAHRU,11400,AIR ITAM,PULAU PINANG,,,100.293906,5.404855
PPCB002,SEKOLAH MENENGAH HAN CHIANG (PERSENDIRIAN),槟城韩江中学,"JALAN HAN CHIANG, GEORGETOWN",11600,AIR ITAM,PULAU PINANG,,,100.304103,5.407396
PPCB003,SEKOLAH MENENGAH PEREMPUAN CINA (PERSENDIRIAN),槟城槟华女子独立中学,NO 2 JALAN GOTTLIEB,10350,GEORGETOWN,PULAU PINANG,,,100.301525,5.434519
PPCB004,SEKOLAH MENENGAH PHOR TAY PERSENDIRIAN,槟城菩提独立中学,19A JALAN BAGAN JERMAL,10250,GEORGETOWN,PULAU PINANG,,,100.30508,5.437852
WPC0001,SEKOLAH MENENGAH CHONG HWA KUALA LUMPUR,吉隆坡中华独立中学,"BATU 3 1/2, JALAN ST. THOMAS OFF JALAN IPOH",51100,KUALA LUMPUR,WILAYAH PERSEKUTUAN KUALA LUMPUR,,21/03/1919,101.686944,3.189722
WPC0002,SEKOLAH MENENGAH CONFUCIAN (PERSENDIRIAN),吉隆坡尊孔独立中学,LORONG HANG JEBAT,50150,KUALA LUMPUR,WILAYAH PERSEKUTUAN KUALA LUMPUR,,,101.699832,3.143897
WPC0003,SEKOLAH MENENGAH KUEN CHENG,吉隆坡坤成中学,JALAN SYED PUTRA,50460,KUALA LUMPUR,WILAYAH PERSEKUTUAN KUALA LUMPUR,,,101.692092,3.130369
WPC0004,SEKOLAH MENENGAH TSUN JIN,吉隆坡循人中学,NO 6 JALAN LOKE YEW,55200,KUALA LUMPUR,WILAYAH PERSEKUTUAN KUALA LUMPUR,,07/04/1913,101.706411,3.135053
XPC1307,SEKOLAH MENENGAH TSHUNG TSIN TENOM,丹南崇正中学,"PETI SURAT 156, BATU 1 1/2 JALAN TENOM-KENINGAU",89908,TENOM,SABAH,,,115.950787,5.135632
XPC2008,SEKOLAH MENENGAH YU YUAN,山打根育源中学,"7 KM, JALAN LABUK",90000,SANDAKAN,SABAH,,,118.076445,5.855248
XPC3009,SEKOLAH TINGGI CINA SABAH,斗湖巴华中学,"P.O BOX 489, JALAN DATUK CHONG THIEN VUN",91007,TAWAU,SABAH,,,117.911549,4.261815
XPC4003,SEKOLAH MENENGAH KIAN KOK,亚庇建国中学,"KM 4 1/2, JALAN TUARAN, P.O.BOX 10965",88810,KOTA KINABALU,SABAH,,,116.090385,5.974166
XPC4006,SEKOLAH MENENGAH TSHUNG TSIN SABAH,沙巴崇正中学,"BATU 2 3/4, JALAN TUARAN,DAI YEH VILLA, JALAN DAMAI",88300,KOTA KINABALU,SABAH,,,116.094636,5.973368
XPC6201,BEAUFORT MIDDLE SCHOOL,沙巴保佛中学,PETI SURAT 111 JALAN PERSEKUTUAN,89807,BEAUFORT,SABAH,,,115.735061,5.355204
XPC6402,PAPAR MIDDLE SCHOOL,沙巴吧巴中学,"BATU 2, JALAN BUKIT MANGGIS P.O BOX 142",89608,PAPAR,SABAH,,,115.933814,5.707655
XPC7004,SEKOLAH MENENGAH LAHAD DATU,沙巴拿笃中学,"BATU 1 1/2, JALAN SILAM P.O.BOX 60246",91112,LAHAD DATU,SABAH,,,118.312347,5.031032
XPC8205,SEKOLAH MENENGAH PEI TSIN,古达培正中学,"KM4,JALAN SIKUATI PETI SURAT 227",89058,KUDAT,SABAH,,,116.844343,6.905765
YPC2004,SEKOLAH MENENGAH CITIZEN,诗巫公民中学,"LOT 117 BLOCK 10 MENYAN LAND DISTRICT , JALAN KONG YIT KHIM",96000,SIBU,SARAWAK,,,111.985831,2.152376
YPC2005,SEKOLAH MENENGAH KIANG HIN,诗巫建兴中学,"LORONG 8 ,JALAN RANTAU PANJANG, SUNGAI TEKU",96008,SIBU,SARAWAK,,,111.872554,2.355721
YPCA001,SEKOLAH MENENGAH CHUNG HUA NO.1,古晋中华第一中学,JALAN PENDING,93450,KUCHING,SARAWAK,,,110.375816,1.548377
YPCA002,SEKOLAH MENENGAH CHUNG HUA NO.3,古晋中华第三中学,JALAN FOOCHOW NO.1,93300,KUCHING,SARAWAK,,,110.369836,1.54059
YPCG001,SEKOLAH MENENGAH KATHOLIK,诗巫公教中学,"1A, JALAN LANANG",96007,SIBU,SARAWAK,,,111.832854,2.286137
YPCG002,SEKOLAH MENENGAH GUONG MING,诗巫光民中学,"JALAN GUONG MING, P.O.BOX 398, SUNGAI BIDUT",96000,SIBU,SARAWAK,,,111.808082,2.325173
YPCG003,SEKOLAH MENENGAH WONG NAI SIONG,诗巫黄乃裳中学,JALAN UBAH PETI SURAT 933,96008,SIBU,SARAWAK,,13/01/1967,111.847839,2.276381
YPCK001,SEKOLAH MENENGAH PEI MIN,美里培民中学,"LOT 1192 , LORONG 4, JALAN JEE FOH ,KROKOP",98000,MIRI,SARAWAK,,,114.004594,4.415349
YPCL003,SEKOLAH MENENGAH CHUNG HUA NO.4,古晋中华第四中学,JALAN HAJI TAHA P.O.BOX 1244,93400,KUCHING,SARAWAK,,,110.337498,1.554493
YPCQ002,SEKOLAH MENENGAH AWAM SERIAN,西连民众中学,"PETI SURAT 37, JALAN BUKIT ENSUNA, BATU 39",94707,SERIAN,SARAWAK,,,110.568677,1.174059
YPCS002,SEKOLAH MENENGAH JALAN RIAM,美里廉律中学,"BATU 3 1/2, JALAN RIAM P.O.BOX 209",98000,MIRI,SARAWAK,,,113.99421,4.351562
YPCU001,SEKOLAH MENENGAH MIN LIT,石角民立中学,"JALAN MING CHUNG, BATU KAWA",93250,KUCHING,SARAWAK,,,110.26608,1.513306
YPCX001,"SEKOLAH MENENGAH MING LIK, SARIKEI",泗里奎民立中学,8 KM JALAN REPOK,96100,SARIKEI,SARAWAK,,,111.51905,2.065016
YPCZ001,SEKOLAH MENENGAH KAI DEE,民都鲁开智中学,LOT 490 JALAN BINTULU-TATAU,97000,BINTULU,SARAWAK,,,113.095959,3.170073
